loop_set	analysis_set	term	n	estimate	se	ci_low	ci_high	p_value	model_r2	note	p_adj_BH
primary	all	Intercept	1290	-0.27947370999264326	0.15987289110509378	-0.5928188186629211	0.0338713986776345	0.08044681149233544	0.53859043811211	cluster-robust SE by duplicate family	0.1608936229846709
primary	all	C(duplication_type)[T.TD]	1290	0.3491172642558207	0.17344531422021364	0.00917069509696905	0.6890638334146724	0.04413170825677475	0.53859043811211	cluster-robust SE by duplicate family	0.10973289620603452
primary	all	C(duplication_type)[T.TRD]	1290	-0.6994685312179156	0.16365796255505197	-1.0202322436090223	-0.378704818826809	1.9202652194631478e-05	0.53859043811211	cluster-robust SE by duplicate family	8.412590485267124e-05
primary	all	C(trajectory)[T.Neo(C)]	1290	-3.054269362447537	0.1862080586397496	-3.419230451012569	-2.689308273882505	1.8366254660960918e-60	0.53859043811211	cluster-robust SE by duplicate family	8.448477144042023e-59
primary	all	C(trajectory)[T.Neo(P)]	1290	2.7005800598514975	0.2812607924696495	2.14931903634779	3.251841083355205	7.864115622741668e-22	0.53859043811211	cluster-robust SE by duplicate family	7.234986372922334e-21
primary	all	C(trajectory)[T.Spe]	1290	-0.0937216091566829	0.14364405100642202	-0.3752587757227046	0.18781555740933878	0.5141062125639693	0.53859043811211	cluster-robust SE by duplicate family	0.6479146788477421
primary	all	capture_delta	1290	-0.11133670972218694	0.20561631659374632	-0.5143372848797152	0.29166386543534134	0.588178164656453	0.53859043811211	cluster-robust SE by duplicate family	0.6849955668520761
primary	all	capture_any	1290	0.029978412903316494	0.18668322428187728	-0.3359139832069763	0.39587080901360927	0.8724207452005976	0.53859043811211	cluster-robust SE by duplicate family	0.901828186050056
primary	all	delta_promoter_OCR	1290	0.476614314499207	0.20169458035739912	0.08130020112178488	0.871928427876629	0.01812523943325418	0.53859043811211	cluster-robust SE by duplicate family	0.05955435813783516
primary	all	delta_ATAC	1290	0.20159443703538996	0.15037546670758872	-0.0931360618698859	0.49632493594066585	0.1800480104553034	0.53859043811211	cluster-robust SE by duplicate family	0.3054917665459896
primary	all	delta_log_gene_length	1290	0.33996106475306104	0.08843968272291734	0.16662247181199377	0.5132996576941283	0.00012105100753524466	0.53859043811211	cluster-robust SE by duplicate family	0.0004640288622184379
primary	all	delta_GC	1290	0.04024800603792404	0.08965163933260879	-0.13546597820896372	0.21596199028481178	0.6534765566829736	0.53859043811211	cluster-robust SE by duplicate family	0.7422202866028835
primary	all	delta_gene_density	1290	0.11354654224176625	0.05724757012433144	0.0013433665956454482	0.22574971788788706	0.04731943013060301	0.53859043811211	cluster-robust SE by duplicate family	0.11456283084251255
primary	TRD	Intercept	780	-1.045444110983921	0.1304594011574041	-1.301139838697096	-0.7897483832707459	1.114357503601651e-15	0.45379710380830207	cluster-robust SE by duplicate family	7.864255043141809e-15
primary	TRD	C(trajectory)[T.Neo(C)]	780	-3.1498041265751535	0.22493685947286496	-3.590672269937516	-2.708935983212791	1.4930322615287993e-44	0.45379710380830207	cluster-robust SE by duplicate family	1.9622709722949934e-43
primary	TRD	C(trajectory)[T.Neo(P)]	780	3.2534465463095605	0.6541796139219302	1.97127806360226	4.535615029016861	6.581485200994483e-07	0.45379710380830207	cluster-robust SE by duplicate family	3.186824413113118e-06
primary	TRD	C(trajectory)[T.Spe]	780	-0.2809932034829191	0.20857345686108683	-0.6897896670616679	0.1278032600958297	0.17791113138491543	0.45379710380830207	cluster-robust SE by duplicate family	0.3054917665459896
primary	TRD	capture_delta	780	-0.25830494413998617	0.25177830709264243	-0.751781358130031	0.23517146985005866	0.30492827729400873	0.45379710380830207	cluster-robust SE by duplicate family	0.39511833114153244
primary	TRD	capture_any	780	0.0326011581585266	0.23566174041999743	-0.42928736559869546	0.49448968191574866	0.889972676466964	0.45379710380830207	cluster-robust SE by duplicate family	0.9097498470551187
primary	TRD	delta_promoter_OCR	780	0.42070980539171166	0.24283330208304088	-0.05523472093798376	0.8966543317214071	0.08318376427857031	0.45379710380830207	cluster-robust SE by duplicate family	0.16282779390698868
primary	TRD	delta_ATAC	780	0.1705498092666495	0.14622572204475714	-0.1160473395544391	0.4571469580877381	0.2434745175778289	0.45379710380830207	cluster-robust SE by duplicate family	0.35445838564639437
primary	TRD	delta_log_gene_length	780	0.1878390244296569	0.10200994336972648	-0.012096790639977484	0.38777483949929126	0.06556595631962978	0.45379710380830207	cluster-robust SE by duplicate family	0.14706353669788794
primary	TRD	delta_GC	780	-0.04550931792600699	0.11953544290786412	-0.2797944809014645	0.18877584504945052	0.7034123670651307	0.45379710380830207	cluster-robust SE by duplicate family	0.7613404443528473
primary	TRD	delta_gene_density	780	0.15654782805552653	0.07225645701155785	0.014927774662406496	0.2981678814486466	0.030268548469858533	0.45379710380830207	cluster-robust SE by duplicate family	0.08962439274349657
primary	TRD_peach_polarized	Intercept	774	-1.042046446287289	0.13017790744433533	-1.2971904564609749	-0.7869024361136031	1.1967344630867972e-15	0.45408526193082144	cluster-robust SE by duplicate family	7.864255043141809e-15
primary	TRD_peach_polarized	C(trajectory)[T.Neo(C)]	774	-3.146638424160417	0.22555617566746305	-3.588720404959234	-2.7045564433615996	3.1207764485500637e-44	0.45408526193082144	cluster-robust SE by duplicate family	3.588892915832573e-43
primary	TRD_peach_polarized	C(trajectory)[T.Neo(P)]	774	3.253773428901003	0.6561025178043228	1.9678361238384807	4.539710733963525	7.076750692240248e-07	0.45408526193082144	cluster-robust SE by duplicate family	3.255305318430514e-06
primary	TRD_peach_polarized	C(trajectory)[T.Spe]	774	-0.26943974543931337	0.20918554457477198	-0.6794358788922645	0.1405563880136378	0.19773137956457798	0.45408526193082144	cluster-robust SE by duplicate family	0.3191453845603715
primary	TRD_peach_polarized	capture_delta	774	-0.26400161543461936	0.2532948401771461	-0.7604503796516549	0.23244714878241607	0.2972865127445323	0.45408526193082144	cluster-robust SE by duplicate family	0.39071941674995675
primary	TRD_peach_polarized	capture_any	774	0.021353694980161556	0.23694547619323314	-0.4430509046582682	0.48575829461859127	0.9281912905263416	0.45408526193082144	cluster-robust SE by duplicate family	0.93839119481784
primary	TRD_peach_polarized	delta_promoter_OCR	774	0.424638588525204	0.24277436344301856	-0.05119042019274994	0.900467597243158	0.08027234749175906	0.45408526193082144	cluster-robust SE by duplicate family	0.1608936229846709
primary	TRD_peach_polarized	delta_ATAC	774	0.16928627171474772	0.14633283754504742	-0.11752081962909586	0.4560933630585913	0.24733049812746521	0.45408526193082144	cluster-robust SE by duplicate family	0.35445838564639437
primary	TRD_peach_polarized	delta_log_gene_length	774	0.1861302376294921	0.10166878350064902	-0.013136916383780062	0.38539739164276426	0.06713770153599231	0.45408526193082144	cluster-robust SE by duplicate family	0.14706353669788794
primary	TRD_peach_polarized	delta_GC	774	-0.05031556467624777	0.1189218553697257	-0.2833981181755914	0.18276698882309583	0.6722239731003259	0.45408526193082144	cluster-robust SE by duplicate family	0.7451157292196383
primary	TRD_peach_polarized	delta_gene_density	774	0.15571848261025661	0.07267846446895031	0.013271309799440023	0.2981656554210732	0.03214788000581942	0.45408526193082144	cluster-robust SE by duplicate family	0.08962439274349657
primary	TRD_multi_outgroup_polarized	Intercept	501	-1.2925936721331135	0.15007324599945243	-1.58673182933506	-0.9984555149311669	7.112012347937706e-18	0.43245606588913876	cluster-robust SE by duplicate family	5.948228509184263e-17
primary	TRD_multi_outgroup_polarized	C(trajectory)[T.Neo(C)]	501	-3.058602223016026	0.20976500164838266	-3.4697340714638414	-2.647470374568211	3.7055641990305326e-48	0.43245606588913876	cluster-robust SE by duplicate family	1.13637302103603e-46
primary	TRD_multi_outgroup_polarized	C(trajectory)[T.Neo(P)]	501	2.297541738713933	0.7325823730862177	0.8617066717560613	3.7333768056718046	0.001711389786383335	0.43245606588913876	cluster-robust SE by duplicate family	0.00605568693643334
primary	TRD_multi_outgroup_polarized	C(trajectory)[T.Spe]	501	-0.324455914048225	0.2892543190977119	-0.8913839618523967	0.24247213375594662	0.261990980695161	0.43245606588913876	cluster-robust SE by duplicate family	0.35445838564639437
primary	TRD_multi_outgroup_polarized	capture_delta	501	0.0076174207473044	0.20422678618469017	-0.39265972485305056	0.4078945663476594	0.9702467361525968	0.43245606588913876	cluster-robust SE by duplicate family	0.9702467361525968
primary	TRD_multi_outgroup_polarized	capture_any	501	0.3026591370072406	0.21608754065595168	-0.12086466018625935	0.7261829342007406	0.1613241289938584	0.43245606588913876	cluster-robust SE by duplicate family	0.29943524337363714
primary	TRD_multi_outgroup_polarized	delta_promoter_OCR	501	0.3346693839131074	0.2456680910844778	-0.14683122676317462	0.8161699945893894	0.17310869353890024	0.43245606588913876	cluster-robust SE by duplicate family	0.3054917665459896
primary	TRD_multi_outgroup_polarized	delta_ATAC	501	0.13602790677998491	0.12038961192768212	-0.09993139671102574	0.37198721027099557	0.2585194691970948	0.43245606588913876	cluster-robust SE by duplicate family	0.35445838564639437
primary	TRD_multi_outgroup_polarized	delta_log_gene_length	501	0.13482468486651258	0.10206425358376806	-0.06521757626663593	0.3348669459996611	0.18650853227908393	0.43245606588913876	cluster-robust SE by duplicate family	0.306406874458495
primary	TRD_multi_outgroup_polarized	delta_GC	501	-0.022761838972151793	0.11182921660993828	-0.2419430759469592	0.19641939800265565	0.8387121442846738	0.43245606588913876	cluster-robust SE by duplicate family	0.8768354235703407
primary	TRD_multi_outgroup_polarized	delta_gene_density	501	0.1788451528481454	0.0832111589924443	0.01575427811111832	0.3419360275851725	0.03161118934046027	0.43245606588913876	cluster-robust SE by duplicate family	0.08962439274349657
strict	all	Intercept	1290	-0.26494209738655383	0.15664906844632853	-0.5719686297531076	0.04208443497999992	0.09077765812650569	0.5393130497869291	cluster-robust SE by duplicate family	0.1739905114091359
strict	all	C(duplication_type)[T.TD]	1290	0.35117578407792416	0.1734714520727585	0.011177985669451385	0.6911735824863969	0.04292890716277399	0.5393130497869291	cluster-robust SE by duplicate family	0.10973289620603452
strict	all	C(duplication_type)[T.TRD]	1290	-0.6876590336301165	0.16222539236804823	-1.00561496004937	-0.369703107210863	2.2460646806036053e-05	0.5393130497869291	cluster-robust SE by duplicate family	9.392634118887803e-05
strict	all	C(trajectory)[T.Neo(C)]	1290	-3.0560223588827227	0.1844171765892276	-3.417473383128172	-2.6945713346372733	1.1247131106882725e-61	0.5393130497869291	cluster-robust SE by duplicate family	1.0347360618332107e-59
strict	all	C(trajectory)[T.Neo(P)]	1290	2.6923538114820067	0.27999366906035467	2.1435763042244846	3.2411313187395288	6.859635530617551e-22	0.5393130497869291	cluster-robust SE by duplicate family	7.012071875742385e-21
strict	all	C(trajectory)[T.Spe]	1290	-0.087705050175547	0.14336551256231198	-0.36869629142280314	0.19328619107170916	0.5406976464216735	0.5393130497869291	cluster-robust SE by duplicate family	0.6632557796105862
strict	all	capture_delta_strict	1290	-0.21590232298166395	0.23083618867047612	-0.66833293910429	0.23652829314096208	0.34963095729659255	0.5393130497869291	cluster-robust SE by duplicate family	0.44675066765675714
strict	all	capture_any_strict	1290	-0.11286394403861436	0.20845052378114307	-0.5214194632081648	0.29569157513093614	0.5882027150142828	0.5393130497869291	cluster-robust SE by duplicate family	0.6849955668520761
strict	all	delta_promoter_OCR	1290	0.4800038913679209	0.19954234128914058	0.08890808905040554	0.8710996936854363	0.016149291079235153	0.5393130497869291	cluster-robust SE by duplicate family	0.05502721404776422
strict	all	delta_ATAC	1290	0.20314388253754637	0.15241297716992788	-0.09558006349203776	0.5018678285671305	0.18258050401748216	0.5393130497869291	cluster-robust SE by duplicate family	0.3054917665459896
strict	all	delta_log_gene_length	1290	0.33900225343202867	0.08746067411227251	0.16758248210837987	0.5104220247556774	0.00010616434379538419	0.5393130497869291	cluster-robust SE by duplicate family	0.00042465737518153677
strict	all	delta_GC	1290	0.04082911849068141	0.08813020799099358	-0.13190291512169008	0.2135611521030529	0.6431624131625888	0.5393130497869291	cluster-robust SE by duplicate family	0.7396367751369771
strict	all	delta_gene_density	1290	0.11497929965641461	0.05691256621690349	0.003432719603532766	0.22652587970929644	0.043354387883828116	0.5393130497869291	cluster-robust SE by duplicate family	0.10973289620603452
strict	TRD	Intercept	780	-1.0118225269322494	0.1288383337956398	-1.2643410209998531	-0.7593040328646457	4.048185263302258e-15	0.4547452009623647	cluster-robust SE by duplicate family	2.4828869614920514e-14
strict	TRD	C(trajectory)[T.Neo(C)]	780	-3.1541741621663166	0.221192813812296	-3.5877041108774907	-2.7206442134551425	3.893454253378658e-46	0.4547452009623647	cluster-robust SE by duplicate family	7.163955826216731e-45
strict	TRD	C(trajectory)[T.Neo(P)]	780	3.2025648432707503	0.6260390036446972	1.9755509432098042	4.429578743331696	3.127459512995063e-07	0.4547452009623647	cluster-robust SE by duplicate family	1.6576567373604535e-06
strict	TRD	C(trajectory)[T.Spe]	780	-0.27687978102158445	0.20775884117147309	-0.6840796271874491	0.13032006514428018	0.18263094739162422	0.4547452009623647	cluster-robust SE by duplicate family	0.3054917665459896
strict	TRD	capture_delta_strict	780	-0.3088943007581636	0.27362552629016906	-0.8451904775377127	0.2274018760213855	0.2589424197479693	0.4547452009623647	cluster-robust SE by duplicate family	0.35445838564639437
strict	TRD	capture_any_strict	780	-0.13950892287698682	0.2535326017269027	-0.6364236911684535	0.35740584541447995	0.5821408568445541	0.4547452009623647	cluster-robust SE by duplicate family	0.6849955668520761
strict	TRD	delta_promoter_OCR	780	0.42081570733495954	0.23736374385790937	-0.044408681862133315	0.8860400965320524	0.07624979918878491	0.4547452009623647	cluster-robust SE by duplicate family	0.159431398303823
strict	TRD	delta_ATAC	780	0.17219165640559428	0.14883122497268653	-0.11951218431584962	0.46389549712703815	0.24728902608523895	0.4547452009623647	cluster-robust SE by duplicate family	0.35445838564639437
strict	TRD	delta_log_gene_length	780	0.18631610566085233	0.10067965840237446	-0.011012398783597055	0.3836446101053017	0.06422950808212206	0.4547452009623647	cluster-robust SE by duplicate family	0.14706353669788794
strict	TRD	delta_GC	780	-0.04644572081908012	0.11812852280429909	-0.2779733710624248	0.18508192942426455	0.6941868640679203	0.4547452009623647	cluster-robust SE by duplicate family	0.7602998987410556
strict	TRD	delta_gene_density	780	0.15897624985429337	0.07205743537429089	0.01774627170236076	0.300206228006226	0.02736695362132651	0.4547452009623647	cluster-robust SE by duplicate family	0.08681930114351859
strict	TRD_peach_polarized	Intercept	774	-1.008511653036722	0.12856312562427627	-1.260490749000202	-0.756532557073242	4.347300163740546e-15	0.4551709652379231	cluster-robust SE by duplicate family	2.499697594150814e-14
strict	TRD_peach_polarized	C(trajectory)[T.Neo(C)]	774	-3.1509962125710516	0.22177842266885334	-3.5856739335501056	-2.7163184915919976	8.189290850414707e-46	0.4551709652379231	cluster-robust SE by duplicate family	1.255691263730255e-44
strict	TRD_peach_polarized	C(trajectory)[T.Neo(P)]	774	3.2000459213936234	0.6263872356868757	1.9723494990717445	4.427742343715503	3.243241442661757e-07	0.4551709652379231	cluster-robust SE by duplicate family	1.6576567373604535e-06
strict	TRD_peach_polarized	C(trajectory)[T.Spe]	774	-0.2645964274383999	0.20835795037733618	-0.6729705060705626	0.1437776511937628	0.20411569442306698	0.4551709652379231	cluster-robust SE by duplicate family	0.3237697221883131
strict	TRD_peach_polarized	capture_delta_strict	774	-0.3171351796315846	0.27530318556228667	-0.8567195081628138	0.22244914889964468	0.24934210529340128	0.4551709652379231	cluster-robust SE by duplicate family	0.35445838564639437
strict	TRD_peach_polarized	capture_any_strict	774	-0.1529480902243504	0.2550164080745029	-0.6527710655171455	0.34687488506844466	0.5486676341633024	0.4551709652379231	cluster-robust SE by duplicate family	0.6641766097766293
strict	TRD_peach_polarized	delta_promoter_OCR	774	0.4241025476836122	0.23729961254251203	-0.04099614644502064	0.889201241812245	0.07390470624422946	0.4551709652379231	cluster-robust SE by duplicate family	0.15812169708067697
strict	TRD_peach_polarized	delta_ATAC	774	0.17117203332567782	0.1490715308880748	-0.121002798335199	0.46334686498655464	0.25086357968986395	0.4551709652379231	cluster-robust SE by duplicate family	0.35445838564639437
strict	TRD_peach_polarized	delta_log_gene_length	774	0.18495451374750319	0.100272915042801	-0.011576788361231383	0.38148581585623775	0.06510867671026986	0.4551709652379231	cluster-robust SE by duplicate family	0.14706353669788794
strict	TRD_peach_polarized	delta_GC	774	-0.05075905007660737	0.11740201811955057	-0.2808627773032453	0.1793446771500306	0.6654852724328042	0.4551709652379231	cluster-robust SE by duplicate family	0.7451157292196383
strict	TRD_peach_polarized	delta_gene_density	774	0.15791979387548996	0.07246477254409824	0.01589144954117047	0.2999481382098095	0.029312140011742937	0.4551709652379231	cluster-robust SE by duplicate family	0.08962439274349657
strict	TRD_multi_outgroup_polarized	Intercept	501	-1.2508480422637895	0.15184290905757666	-1.5484546753244306	-0.9532414092031485	1.754396137658989e-16	0.43056527473343165	cluster-robust SE by duplicate family	1.3450370388718916e-15
strict	TRD_multi_outgroup_polarized	C(trajectory)[T.Neo(C)]	501	-3.070677658403707	0.211461020949335	-3.4851336435984734	-2.6562216732089405	8.887889348787764e-48	0.43056527473343165	cluster-robust SE by duplicate family	2.0442145502211858e-46
strict	TRD_multi_outgroup_polarized	C(trajectory)[T.Neo(P)]	501	2.288096940293391	0.7134065733047862	0.8898457502818762	3.686348130304906	0.001339950004240251	0.43056527473343165	cluster-robust SE by duplicate family	0.004931016015604125
strict	TRD_multi_outgroup_polarized	C(trajectory)[T.Spe]	501	-0.3309692515281319	0.28929065720731245	-0.897968520718387	0.23603001766212311	0.2525939065450121	0.43056527473343165	cluster-robust SE by duplicate family	0.35445838564639437
strict	TRD_multi_outgroup_polarized	capture_delta_strict	501	-0.05270812631966178	0.21497901120491197	-0.474059245713322	0.36864299307399845	0.8063186017419511	0.43056527473343165	cluster-robust SE by duplicate family	0.8625733879099942
strict	TRD_multi_outgroup_polarized	capture_any_strict	501	0.14424167877865754	0.22750094044513802	-0.3016519709428047	0.5901353285001198	0.5260633737670104	0.43056527473343165	cluster-robust SE by duplicate family	0.6540247349535805
strict	TRD_multi_outgroup_polarized	delta_promoter_OCR	501	0.34438282536047105	0.2467055079730788	-0.13915108505442259	0.8279167357753647	0.1627365453117593	0.43056527473343165	cluster-robust SE by duplicate family	0.29943524337363714
strict	TRD_multi_outgroup_polarized	delta_ATAC	501	0.13624862824937922	0.12333921347400538	-0.10549178804116868	0.3779890445399271	0.2693043668929892	0.43056527473343165	cluster-robust SE by duplicate family	0.35907248919065227
strict	TRD_multi_outgroup_polarized	delta_log_gene_length	501	0.1281395283349914	0.10227285192691878	-0.07231157803796728	0.3285906347079501	0.21023543923468657	0.43056527473343165	cluster-robust SE by duplicate family	0.327824752704935
strict	TRD_multi_outgroup_polarized	delta_GC	501	-0.02576090086137611	0.11223436752552303	-0.2457362190390331	0.19421441731628086	0.8184587617324094	0.43056527473343165	cluster-robust SE by duplicate family	0.8654966216020881
strict	TRD_multi_outgroup_polarized	delta_gene_density	501	0.17680529192681155	0.08324405000696024	0.013649951985918257	0.33996063186770487	0.033675237054839664	0.43056527473343165	cluster-robust SE by duplicate family	0.09112122967780145
