duplication_type	trajectory	role	log2_TPM_plus_1
TD	Con	P	4.311235455307036
TD	Con	P	3.830327487542942
TD	Con	P	2.8526414459207223
TD	Con	P	4.7575949202959205
TD	Con	P	2.597874416546356
TD	Con	P	6.1455852393112504
TD	Con	P	4.282132081269554
TD	Con	P	3.2072300589673852
TD	Con	P	5.156176761179961
TD	Con	P	2.313341205843739
TD	Con	P	5.099409833997292
TD	Con	P	0.643590247714815
TD	Con	P	4.73577486147154
TD	Con	P	2.480760457108659
TD	Con	P	5.472019149819808
TD	Con	P	6.090219568660737
TD	Con	P	6.127279089558414
TD	Con	P	5.564258863849977
TD	Con	P	2.4492010410164
TD	Con	P	4.436212976064974
TD	Con	P	3.620547938071153
TD	Con	P	4.45944519302223
TD	Con	P	2.228349257343978
TD	Con	C	5.241927076889886
TD	Con	C	1.8389600339438652
TD	Con	C	7.508342646602347
TD	Con	C	5.151059246432043
TD	Con	C	3.6086973309246533
TD	Con	C	7.351136078676321
TD	Con	C	4.709097987778215
TD	Con	C	1.8120687414363124
TD	Con	C	5.350346386807252
TD	Con	C	2.4240319278234743
TD	Con	C	5.1978581262380885
TD	Con	C	1.3389688705784546
TD	Con	C	6.984579731603979
TD	Con	C	5.118213798819057
TD	Con	C	3.686423525365817
TD	Con	C	5.749741709441279
TD	Con	C	5.745812094660061
TD	Con	C	6.308056364686591
TD	Con	C	3.917838042957235
TD	Con	C	4.636956600363158
TD	Con	C	4.428214932696971
TD	Con	C	5.0768353814293885
TD	Con	C	1.378913764684301
TD	Con	A	3.662223428769679
TD	Con	A	3.5463159080502753
TD	Con	A	7.699706293552239
TD	Con	A	5.859492371456735
TD	Con	A	5.081582328886207
TD	Con	A	9.164344424846046
TD	Con	A	6.510250887219484
TD	Con	A	3.340679972758979
TD	Con	A	7.398603010557512
TD	Con	A	4.220243860154914
TD	Con	A	6.238897142963469
TD	Con	A	2.572478017288241
TD	Con	A	7.255306930372245
TD	Con	A	5.110220194625759
TD	Con	A	3.1916557638490937
TD	Con	A	7.236172811048625
TD	Con	A	6.264746624185198
TD	Con	A	7.378716278091155
TD	Con	A	5.769136705276204
TD	Con	A	5.228118961214243
TD	Con	A	4.468601823003384
TD	Con	A	6.708468138209101
TD	Con	A	1.4658575644775629
TD	Neo(C)	P	6.785231646715621
TD	Neo(C)	P	1.1612916751854272
TD	Neo(C)	P	5.02751650846414
TD	Neo(C)	P	2.5695377146889733
TD	Neo(C)	P	7.898000867527942
TD	Neo(C)	P	5.135765860868899
TD	Neo(C)	P	3.717256698821055
TD	Neo(C)	P	5.678987918146309
TD	Neo(C)	P	2.973195120581559
TD	Neo(C)	P	4.075570851526141
TD	Neo(C)	C	0.08251980005071627
TD	Neo(C)	C	4.0369601148487435
TD	Neo(C)	C	2.520538078563281
TD	Neo(C)	C	1.9634296093642285
TD	Neo(C)	C	0.03300450788990899
TD	Neo(C)	C	2.2202961058434556
TD	Neo(C)	C	0.008212685354686161
TD	Neo(C)	C	1.9308585503884466
TD	Neo(C)	C	0.3849092716902142
TD	Neo(C)	C	0.3735036330100655
TD	Neo(C)	A	7.32487323703082
TD	Neo(C)	A	0.64413408378151
TD	Neo(C)	A	6.7019355189062235
TD	Neo(C)	A	3.678780849321322
TD	Neo(C)	A	8.37994128016959
TD	Neo(C)	A	6.133538476451531
TD	Neo(C)	A	3.1146218619081307
TD	Neo(C)	A	4.84533955954849
TD	Neo(C)	A	6.7019355189062235
TD	Neo(C)	A	5.126587366331954
TD	Neo(P)	P	0.00955093645307515
TD	Neo(P)	P	0.15751827659599113
TD	Neo(P)	P	0.6310853412896974
TD	Neo(P)	P	1.0612839271112087
TD	Neo(P)	C	3.5363255977225245
TD	Neo(P)	C	4.946693755330588
TD	Neo(P)	C	4.6015622528429185
TD	Neo(P)	C	0.5770202835573437
TD	Neo(P)	A	5.217787856051947
TD	Neo(P)	A	4.405561188030164
TD	Neo(P)	A	4.722200722706767
TD	Neo(P)	A	1.0006722594613429
TD	Spe	P	0.9736057655342549
TD	Spe	P	0.9129364595074956
TD	Spe	P	0.089800036635147
TD	Spe	P	2.362108269595775
TD	Spe	P	0.5762112336722446
TD	Spe	P	1.0922799544821318
TD	Spe	P	1.3931791184270352
TD	Spe	P	0.249019296304437
TD	Spe	P	0.13166344990940507
TD	Spe	P	1.0848232946904708
TD	Spe	P	2.2595255454448715
TD	Spe	P	2.216109839471667
TD	Spe	P	1.292963105205135
TD	Spe	P	0.36295907370035824
TD	Spe	P	0.4851155836689509
TD	Spe	P	3.0225837128322595
TD	Spe	P	3.217142548829695
TD	Spe	P	0.4474630004817803
TD	Spe	C	4.25671752214166
TD	Spe	C	0.9195251830570527
TD	Spe	C	2.650724126332619
TD	Spe	C	0.018099532599788366
TD	Spe	C	0.9566229601794369
TD	Spe	C	0.2388060138856466
TD	Spe	C	1.2312493974058092
TD	Spe	C	0.013529435126254522
TD	Spe	C	0.15592707640080286
TD	Spe	C	3.2134024997321884
TD	Spe	C	1.1254271646122525
TD	Spe	C	0.006042080684537643
TD	Spe	C	2.053741291617706
TD	Spe	C	0.9706778458402334
TD	Spe	C	1.1813757939039402
TD	Spe	C	2.515845813767403
TD	Spe	C	0.04608984834613847
TD	Spe	C	4.211827088593328
TD	Spe	A	7.847275453815445
TD	Spe	A	0.27180612130404863
TD	Spe	A	3.3045138405577394
TD	Spe	A	3.112850982396058
TD	Spe	A	3.6669405143118117
TD	Spe	A	2.014093334341246
TD	Spe	A	4.016032863773032
TD	Spe	A	0.8067840514884402
TD	Spe	A	2.7626443766055924
TD	Spe	A	1.2986176536678538
TD	Spe	A	2.1796152411509495
TD	Spe	A	2.3569176423568976
TD	Spe	A	0.18203223537558166
TD	Spe	A	5.69306710235628
TD	Spe	A	3.129136019441629
TD	Spe	A	0.822961912134959
TD	Spe	A	4.706208631524291
TD	Spe	A	5.164497961018862
PD	Con	P	3.705164161743097
PD	Con	P	5.582136565974078
PD	Con	P	4.168359041484601
PD	Con	P	5.769141669801575
PD	Con	P	7.228245085965915
PD	Con	P	3.5372261880935008
PD	Con	P	5.19415332387213
PD	Con	P	3.316943011715956
PD	Con	P	8.047105760587185
PD	Con	P	5.762527568873239
PD	Con	P	2.0251522040345606
PD	Con	P	5.3335483480450305
PD	Con	P	1.6900280779035148
PD	Con	P	5.039487141998706
PD	Con	P	4.348244070966287
PD	Con	P	1.324740530702147
PD	Con	P	4.206951526994371
PD	Con	P	4.47155904634882
PD	Con	P	4.209555182513078
PD	Con	C	2.860228057600209
PD	Con	C	4.07857955053375
PD	Con	C	5.896780775721669
PD	Con	C	3.4669712769235908
PD	Con	C	7.722314526706724
PD	Con	C	2.938200714599495
PD	Con	C	4.002577835420601
PD	Con	C	4.477787759442446
PD	Con	C	7.549955364892291
PD	Con	C	4.230691861791143
PD	Con	C	0.2886761071967726
PD	Con	C	2.8855556228797457
PD	Con	C	3.523967212804846
PD	Con	C	4.446670272478092
PD	Con	C	4.733015303602828
PD	Con	C	3.8333482122097067
PD	Con	C	4.070825820227988
PD	Con	C	4.642726386590567
PD	Con	C	3.8906767305308274
PD	Con	A	4.836568209618414
PD	Con	A	5.150397147607777
PD	Con	A	5.758807748736438
PD	Con	A	6.208858817036871
PD	Con	A	6.743238909345799
PD	Con	A	3.6404834806484105
PD	Con	A	5.022109303308558
PD	Con	A	4.900421230121509
PD	Con	A	6.842595572345933
PD	Con	A	8.099279803549141
PD	Con	A	1.808724351300321
PD	Con	A	6.130251193796717
PD	Con	A	4.586110929696037
PD	Con	A	5.995949810976766
PD	Con	A	6.0812748121031195
PD	Con	A	4.170085412197659
PD	Con	A	5.921500238375359
PD	Con	A	4.478789850090445
PD	Con	A	5.966560857252878
PD	Neo(C)	P	2.4515974935111364
PD	Neo(C)	P	3.940092452124739
PD	Neo(C)	C	0.08789049450758153
PD	Neo(C)	C	1.988702014155006
PD	Neo(C)	A	3.8921236572809677
PD	Neo(C)	A	6.430499553486142
PD	Neo(P)	P	0.15364646877718371
PD	Neo(P)	P	1.3923681681118574
PD	Neo(P)	P	1.5934283541149925
PD	Neo(P)	P	0.08808142677125103
PD	Neo(P)	P	0.05562256770734643
PD	Neo(P)	C	2.7706955156967426
PD	Neo(P)	C	3.974476495295951
PD	Neo(P)	C	5.175921434015901
PD	Neo(P)	C	4.851073002279003
PD	Neo(P)	C	5.173951795961854
PD	Neo(P)	A	5.646649753368824
PD	Neo(P)	A	5.043959307162931
PD	Neo(P)	A	5.058666208606623
PD	Neo(P)	A	5.552844909896477
PD	Neo(P)	A	6.45808979666383
PD	Spe	P	2.4361384250973948
PD	Spe	P	0.3629149491427134
PD	Spe	P	4.805872959910621
PD	Spe	P	0.4479853684384208
PD	Spe	P	0.9270411996653682
PD	Spe	P	0.09726850921062025
PD	Spe	P	2.235863103752011
PD	Spe	P	0.19800793482421478
PD	Spe	P	2.5964648982004777
PD	Spe	P	2.5964648982004777
PD	Spe	P	5.459485062940929
PD	Spe	P	0.10107337582812086
PD	Spe	P	0.08495795980607283
PD	Spe	C	2.100662114761143
PD	Spe	C	2.743426138787859
PD	Spe	C	5.63445328035406
PD	Spe	C	0.8231035350307183
PD	Spe	C	1.3948815827139873
PD	Spe	C	0.32269905744231225
PD	Spe	C	1.2304898634648895
PD	Spe	C	1.8182579719000234
PD	Spe	C	0.3539542499035198
PD	Spe	C	0.028143117085569058
PD	Spe	C	1.5836475262908052
PD	Spe	C	0.03413634614238265
PD	Spe	C	0.04173501295381396
PD	Spe	A	6.493765355024813
PD	Spe	A	1.7617101461908165
PD	Spe	A	3.585508657776818
PD	Spe	A	10.265748094100754
PD	Spe	A	0.04096722213277377
PD	Spe	A	6.599928491129392
PD	Spe	A	2.2236404823712577
PD	Spe	A	3.390976146486744
PD	Spe	A	3.6214849608611552
PD	Spe	A	3.6214849608611552
PD	Spe	A	2.780174643150132
PD	Spe	A	0.9737487734466568
PD	Spe	A	1.3471705011343036
TRD	Con	P	3.29216619071957
TRD	Con	P	5.6270517820684995
TRD	Con	P	3.351919839561399
TRD	Con	P	3.737371673698354
TRD	Con	P	4.491529297855293
TRD	Con	P	4.604202516738623
TRD	Con	P	3.538926078904802
TRD	Con	P	4.048358541537151
TRD	Con	P	3.559104513648593
TRD	Con	P	6.047769509578813
TRD	Con	P	3.6477787339533707
TRD	Con	P	3.8894008218592506
TRD	Con	P	5.258964786011098
TRD	Con	P	7.020235138308779
TRD	Con	P	3.310372818420544
TRD	Con	P	4.739629864170445
TRD	Con	P	4.448953421837496
TRD	Con	P	5.629619817480357
TRD	Con	P	6.192970986419456
TRD	Con	P	7.3140385628889
TRD	Con	P	3.0726634147059966
TRD	Con	P	4.299953837835984
TRD	Con	P	4.299953837835984
TRD	Con	P	7.170937891930809
TRD	Con	P	4.021196549990572
TRD	Con	P	2.8939597795579965
TRD	Con	P	3.5091035483077704
TRD	Con	P	4.1343069155791925
TRD	Con	P	3.698076684047498
TRD	Con	P	5.141504209977881
TRD	Con	P	2.5110373002331037
TRD	Con	P	7.493000019687942
TRD	Con	P	5.8758142914540175
TRD	Con	P	3.765566322651525
TRD	Con	P	2.546342499029913
TRD	Con	P	3.2808961260695093
TRD	Con	P	6.409000365528393
TRD	Con	P	4.5970509011033345
TRD	Con	P	5.620101511108091
TRD	Con	P	3.2437370864729487
TRD	Con	P	4.707036512160936
TRD	Con	P	6.523867505848521
TRD	Con	P	3.070515300583384
TRD	Con	P	4.745468734693589
TRD	Con	P	3.7995687632008943
TRD	Con	P	2.012940174761811
TRD	Con	P	4.282132081269554
TRD	Con	P	3.60870387478836
TRD	Con	P	5.283025394877941
TRD	Con	P	7.827222144836227
TRD	Con	P	2.053682217856968
TRD	Con	P	5.091610533768025
TRD	Con	P	7.619089201819383
TRD	Con	P	3.1637597945997222
TRD	Con	P	3.633626695270532
TRD	Con	P	3.0700598176468685
TRD	Con	P	6.5608662002837255
TRD	Con	P	4.930256650838057
TRD	Con	P	3.6560137325571938
TRD	Con	P	3.3121845581618254
TRD	Con	P	4.825916240732899
TRD	Con	P	6.683862324293628
TRD	Con	P	4.560968881094722
TRD	Con	P	6.471752277987182
TRD	Con	P	3.0941614554678725
TRD	Con	P	5.511418695115796
TRD	Con	P	3.5434812006914065
TRD	Con	P	3.309763072640562
TRD	Con	P	2.410302657563522
TRD	Con	P	4.776323254035708
TRD	Con	P	5.767492450602785
TRD	Con	P	4.385178980724288
TRD	Con	P	3.490576676467568
TRD	Con	P	5.588554853567305
TRD	Con	P	7.440653566502508
TRD	Con	P	3.725285903310364
TRD	Con	P	7.242227606423952
TRD	Con	C	3.5968717697214765
TRD	Con	C	1.9038574291458525
TRD	Con	C	2.127638781984797
TRD	Con	C	4.5506935906334105
TRD	Con	C	4.371771417961517
TRD	Con	C	4.5231303479612714
TRD	Con	C	3.7886829616261526
TRD	Con	C	2.971463971701107
TRD	Con	C	1.9784267841241245
TRD	Con	C	5.176008531994301
TRD	Con	C	4.638228797867693
TRD	Con	C	3.1997183533160136
TRD	Con	C	5.8190253453724
TRD	Con	C	6.047311612073149
TRD	Con	C	3.499079455712385
TRD	Con	C	2.7444520814988627
TRD	Con	C	5.166830992500379
TRD	Con	C	6.916763755572243
TRD	Con	C	3.596238068843804
TRD	Con	C	9.102236751059976
TRD	Con	C	3.8250318818814533
TRD	Con	C	2.63991919025384
TRD	Con	C	2.244802950188767
TRD	Con	C	6.23853660454258
TRD	Con	C	1.558741841086503
TRD	Con	C	3.4853811196345577
TRD	Con	C	3.279328579153479
TRD	Con	C	3.12902954751124
TRD	Con	C	4.3009342621571856
TRD	Con	C	3.6493986744940385
TRD	Con	C	1.6874251244230065
TRD	Con	C	7.8851635107449765
TRD	Con	C	4.220181575661889
TRD	Con	C	3.891654286150006
TRD	Con	C	3.9420698834534105
TRD	Con	C	3.1160695718077633
TRD	Con	C	2.877716573492953
TRD	Con	C	1.5883502959675613
TRD	Con	C	4.103753578571959
TRD	Con	C	2.5264046082796963
TRD	Con	C	4.1102311935233145
TRD	Con	C	5.061971157016873
TRD	Con	C	3.470743612706387
TRD	Con	C	3.2840740076072046
TRD	Con	C	2.040783508610739
TRD	Con	C	1.9187115038800524
TRD	Con	C	5.334586384321272
TRD	Con	C	1.8238508344415496
TRD	Con	C	2.544318743768814
TRD	Con	C	1.4485520374632985
TRD	Con	C	5.887138367826956
TRD	Con	C	1.8954660787289355
TRD	Con	C	3.2273502416632627
TRD	Con	C	1.4633305405066348
TRD	Con	C	2.300661986183058
TRD	Con	C	2.188710552772138
TRD	Con	C	4.051522657394464
TRD	Con	C	3.961317687792153
TRD	Con	C	4.892641638000741
TRD	Con	C	3.0125061613227264
TRD	Con	C	4.462008821277976
TRD	Con	C	2.099510442197009
TRD	Con	C	3.798443857423851
TRD	Con	C	5.678192660020701
TRD	Con	C	3.153334357064651
TRD	Con	C	4.439779930707299
TRD	Con	C	3.7767878950681424
TRD	Con	C	3.471612487628257
TRD	Con	C	4.163825394877887
TRD	Con	C	2.468574237686974
TRD	Con	C	4.60621679435471
TRD	Con	C	4.273028929033675
TRD	Con	C	2.701720484615803
TRD	Con	C	2.671742568801515
TRD	Con	C	5.656593438392619
TRD	Con	C	3.4077874431335715
TRD	Con	C	4.051522657394464
TRD	Con	A	3.506189766940337
TRD	Con	A	6.459566717423276
TRD	Con	A	3.1568763294813014
TRD	Con	A	4.668081076394241
TRD	Con	A	5.285794258043116
TRD	Con	A	5.109353600849665
TRD	Con	A	4.715889600943766
TRD	Con	A	4.902275188690614
TRD	Con	A	3.2997408103225223
TRD	Con	A	7.717240474828471
TRD	Con	A	3.8966935179119297
TRD	Con	A	4.517684493380164
TRD	Con	A	5.866019628993346
TRD	Con	A	8.542038669010797
TRD	Con	A	4.479548261090718
TRD	Con	A	5.568296559417097
TRD	Con	A	6.018167341939868
TRD	Con	A	6.106480742652516
TRD	Con	A	6.609970541306423
TRD	Con	A	9.290289240104823
TRD	Con	A	5.054937745691332
TRD	Con	A	4.205614893087759
TRD	Con	A	4.205614893087759
TRD	Con	A	6.416008776645254
TRD	Con	A	3.588511409865906
TRD	Con	A	3.980183427283813
TRD	Con	A	4.758016029286862
TRD	Con	A	5.267966064264219
TRD	Con	A	5.612096627723132
TRD	Con	A	4.239697108053421
TRD	Con	A	4.1282763791758255
TRD	Con	A	8.88856565813726
TRD	Con	A	5.825757131073626
TRD	Con	A	3.9186299866960757
TRD	Con	A	5.1392665506129065
TRD	Con	A	4.555032284349588
TRD	Con	A	7.313364381224797
TRD	Con	A	4.518703978554411
TRD	Con	A	5.306686888929939
TRD	Con	A	4.8238116108487095
TRD	Con	A	5.118805342294615
TRD	Con	A	7.2357209241593985
TRD	Con	A	4.375770431777725
TRD	Con	A	5.047974674930085
TRD	Con	A	4.204404936206727
TRD	Con	A	2.9853259423040144
TRD	Con	A	6.510250887219484
TRD	Con	A	4.55110317552034
TRD	Con	A	6.493765355024813
TRD	Con	A	2.289224608330683
TRD	Con	A	3.4653864301313586
TRD	Con	A	7.028887183734286
TRD	Con	A	6.809511012989561
TRD	Con	A	4.12172818428937
TRD	Con	A	3.657158569268178
TRD	Con	A	3.561014140031484
TRD	Con	A	5.16390209915014
TRD	Con	A	5.495918077810091
TRD	Con	A	4.605416440598672
TRD	Con	A	3.516979059735711
TRD	Con	A	3.895940074773655
TRD	Con	A	6.870564500517248
TRD	Con	A	6.813385192960552
TRD	Con	A	7.848277235331489
TRD	Con	A	2.976524944584275
TRD	Con	A	6.796133005028852
TRD	Con	A	6.18649783727013
TRD	Con	A	5.023755055475506
TRD	Con	A	6.821542849556458
TRD	Con	A	5.117489087961895
TRD	Con	A	7.050974433828197
TRD	Con	A	5.957022560519379
TRD	Con	A	3.6170066500718066
TRD	Con	A	5.1305574116128145
TRD	Con	A	6.814603218349759
TRD	Con	A	6.296598754581152
TRD	Con	A	5.16390209915014
TRD	Neo(C)	P	4.79089994455021
TRD	Neo(C)	P	5.672076530638722
TRD	Neo(C)	P	4.604278231559314
TRD	Neo(C)	P	4.077071041885601
TRD	Neo(C)	P	2.4583925040817114
TRD	Neo(C)	P	4.591557471980653
TRD	Neo(C)	P	4.867865279374115
TRD	Neo(C)	P	8.337976736804643
TRD	Neo(C)	P	5.409171097925842
TRD	Neo(C)	P	3.44890498064488
TRD	Neo(C)	P	5.326074531491051
TRD	Neo(C)	P	4.092255016813028
TRD	Neo(C)	P	6.73904035839626
TRD	Neo(C)	P	4.363835419096184
TRD	Neo(C)	P	3.897363178531083
TRD	Neo(C)	P	4.216820149015351
TRD	Neo(C)	P	4.737847271229823
TRD	Neo(C)	P	4.859905766508692
TRD	Neo(C)	P	6.0166183407599885
TRD	Neo(C)	P	2.5184510842309136
TRD	Neo(C)	P	6.012464609187591
TRD	Neo(C)	P	5.301580854995435
TRD	Neo(C)	P	6.123990174025428
TRD	Neo(C)	P	7.879517847997225
TRD	Neo(C)	P	5.6270517820684995
TRD	Neo(C)	P	0.5491000296574572
TRD	Neo(C)	P	3.679369915622077
TRD	Neo(C)	P	3.507505459196735
TRD	Neo(C)	P	8.165421499178233
TRD	Neo(C)	P	7.914458094300667
TRD	Neo(C)	P	2.795518201337566
TRD	Neo(C)	P	2.795518201337566
TRD	Neo(C)	P	2.795518201337566
TRD	Neo(C)	P	5.5273370826179375
TRD	Neo(C)	P	5.486684364833363
TRD	Neo(C)	P	2.3519685170343054
TRD	Neo(C)	P	0.2721052281855406
TRD	Neo(C)	P	5.278633256546935
TRD	Neo(C)	P	4.803096988219812
TRD	Neo(C)	P	4.334217975349558
TRD	Neo(C)	P	1.9498719271375646
TRD	Neo(C)	P	4.168164266952019
TRD	Neo(C)	P	4.211236227460435
TRD	Neo(C)	P	6.392864967616013
TRD	Neo(C)	P	2.421976109908662
TRD	Neo(C)	P	5.588554853567305
TRD	Neo(C)	P	4.310837391413348
TRD	Neo(C)	P	6.122427082948265
TRD	Neo(C)	P	4.953493895974273
TRD	Neo(C)	P	4.733450625543449
TRD	Neo(C)	P	4.2404447130491665
TRD	Neo(C)	P	5.651444247005575
TRD	Neo(C)	P	5.202883831636201
TRD	Neo(C)	P	6.926205250906867
TRD	Neo(C)	P	6.209240786400099
TRD	Neo(C)	P	7.293867992575306
TRD	Neo(C)	P	7.3147845119650325
TRD	Neo(C)	P	3.0642620844831323
TRD	Neo(C)	P	8.151746109383268
TRD	Neo(C)	P	5.862697700516448
TRD	Neo(C)	P	4.06377222887558
TRD	Neo(C)	P	4.4174188875243585
TRD	Neo(C)	P	4.03194671818444
TRD	Neo(C)	P	5.176243414251111
TRD	Neo(C)	P	5.024605590620105
TRD	Neo(C)	P	3.807972435109394
TRD	Neo(C)	P	6.74934482329443
TRD	Neo(C)	P	5.866728289289699
TRD	Neo(C)	P	4.7299689874740976
TRD	Neo(C)	P	5.316545542279494
TRD	Neo(C)	P	7.704897321802353
TRD	Neo(C)	P	8.337976736804643
TRD	Neo(C)	P	6.930065164977731
TRD	Neo(C)	P	8.283372762852034
TRD	Neo(C)	P	3.24226815011133
TRD	Neo(C)	C	1.1278171538517132
TRD	Neo(C)	C	1.6385897932547517
TRD	Neo(C)	C	0.05707613386169567
TRD	Neo(C)	C	0.14277523719441176
TRD	Neo(C)	C	1.0564168227216524
TRD	Neo(C)	C	0.6892307147754583
TRD	Neo(C)	C	0.4617682902548326
TRD	Neo(C)	C	0.13781126586733242
TRD	Neo(C)	C	0.07391937947271177
TRD	Neo(C)	C	0.02203987707179642
TRD	Neo(C)	C	2.070400892305297
TRD	Neo(C)	C	0.02213459547308763
TRD	Neo(C)	C	0.03271823625554342
TRD	Neo(C)	C	1.7798560091488589
TRD	Neo(C)	C	1.5046179349473516
TRD	Neo(C)	C	0.09308505870724906
TRD	Neo(C)	C	0.4176066339511855
TRD	Neo(C)	C	0.31121497394716363
TRD	Neo(C)	C	0.2860038328762114
TRD	Neo(C)	C	1.3916087251753533
TRD	Neo(C)	C	0.017556854032875522
TRD	Neo(C)	C	0.08649845925242677
TRD	Neo(C)	C	0.20003241751782697
TRD	Neo(C)	C	0.35857180543112
TRD	Neo(C)	C	0.07292989688105836
TRD	Neo(C)	C	0.010660265524294199
TRD	Neo(C)	C	1.4811817264259906
TRD	Neo(C)	C	0.6939335337497504
TRD	Neo(C)	C	0.1838138163912769
TRD	Neo(C)	C	1.8971673529955726
TRD	Neo(C)	C	0.7933515707635069
TRD	Neo(C)	C	0.21828541123596587
TRD	Neo(C)	C	0.26275385452135935
TRD	Neo(C)	C	2.3430882145484633
TRD	Neo(C)	C	0.10252936354537479
TRD	Neo(C)	C	0.013207108016824268
TRD	Neo(C)	C	0.07188529087950757
TRD	Neo(C)	C	0.03606837899730304
TRD	Neo(C)	C	0.10805848163959514
TRD	Neo(C)	C	2.3324255244013767
TRD	Neo(C)	C	0.0444281607307298
TRD	Neo(C)	C	1.0634066443755075
TRD	Neo(C)	C	0.8905097301689482
TRD	Neo(C)	C	1.7937445667273126
TRD	Neo(C)	C	0.1244066648884957
TRD	Neo(C)	C	0.019923430878661958
TRD	Neo(C)	C	0.8525013616213867
TRD	Neo(C)	C	0.5254824306779902
TRD	Neo(C)	C	0.3436909323030462
TRD	Neo(C)	C	0.054479220182930166
TRD	Neo(C)	C	0.8714728098316148
TRD	Neo(C)	C	0.013927896738545309
TRD	Neo(C)	C	0.05287446009347026
TRD	Neo(C)	C	0.11322907954836098
TRD	Neo(C)	C	0.028068601063182368
TRD	Neo(C)	C	0.45326435556376415
TRD	Neo(C)	C	1.8718134278048735
TRD	Neo(C)	C	0.01604363867475688
TRD	Neo(C)	C	0.037263193287776705
TRD	Neo(C)	C	0.2504577546559473
TRD	Neo(C)	C	0.06402240306633711
TRD	Neo(C)	C	0.0964465080052902
TRD	Neo(C)	C	0.1337116891821959
TRD	Neo(C)	C	0.2048908817639196
TRD	Neo(C)	C	4.688283194044618
TRD	Neo(C)	C	0.053002405974710405
TRD	Neo(C)	C	0.03240157905021588
TRD	Neo(C)	C	0.7703157146360725
TRD	Neo(C)	C	0.04974459907431419
TRD	Neo(C)	C	0.10252936354537479
TRD	Neo(C)	C	0.07477760006800964
TRD	Neo(C)	C	0.3586614443941964
TRD	Neo(C)	C	0.019515235534712082
TRD	Neo(C)	C	0.019515235534712082
TRD	Neo(C)	C	0.04504659456640877
TRD	Neo(C)	A	5.357114361801689
TRD	Neo(C)	A	4.866283721759237
TRD	Neo(C)	A	5.520010440192926
TRD	Neo(C)	A	5.263790695733202
TRD	Neo(C)	A	2.6648237145424924
TRD	Neo(C)	A	6.296102138217196
TRD	Neo(C)	A	6.1084328392493035
TRD	Neo(C)	A	9.875584881209107
TRD	Neo(C)	A	5.588194687038238
TRD	Neo(C)	A	3.881568713779155
TRD	Neo(C)	A	4.986548864564433
TRD	Neo(C)	A	3.1463153059771036
TRD	Neo(C)	A	9.29602922079346
TRD	Neo(C)	A	5.709242384230838
TRD	Neo(C)	A	5.92734513604864
TRD	Neo(C)	A	4.1078031659436345
TRD	Neo(C)	A	5.183949453709953
TRD	Neo(C)	A	5.173756043110637
TRD	Neo(C)	A	7.65366500910771
TRD	Neo(C)	A	1.9313097610611485
TRD	Neo(C)	A	6.275036289847049
TRD	Neo(C)	A	5.7058385495896555
TRD	Neo(C)	A	7.653211531071443
TRD	Neo(C)	A	8.438977053076089
TRD	Neo(C)	A	6.459566717423276
TRD	Neo(C)	A	0.4347447504379366
TRD	Neo(C)	A	5.572269120547705
TRD	Neo(C)	A	3.5819552768719927
TRD	Neo(C)	A	7.497985166674364
TRD	Neo(C)	A	7.641788685572061
TRD	Neo(C)	A	2.834949454502336
TRD	Neo(C)	A	2.834949454502336
TRD	Neo(C)	A	2.834949454502336
TRD	Neo(C)	A	7.156708127262506
TRD	Neo(C)	A	5.472963511601975
TRD	Neo(C)	A	2.9543418756264783
TRD	Neo(C)	A	0.7219665323666229
TRD	Neo(C)	A	5.9471419197621955
TRD	Neo(C)	A	5.515099878269077
TRD	Neo(C)	A	7.408597178970134
TRD	Neo(C)	A	2.659520874511823
TRD	Neo(C)	A	6.347803964042828
TRD	Neo(C)	A	4.62298442169547
TRD	Neo(C)	A	6.305253669447451
TRD	Neo(C)	A	2.828319681606323
TRD	Neo(C)	A	5.1305574116128145
TRD	Neo(C)	A	5.740193401099825
TRD	Neo(C)	A	6.617287721171917
TRD	Neo(C)	A	5.637965066041678
TRD	Neo(C)	A	6.017920880150892
TRD	Neo(C)	A	5.552036263003777
TRD	Neo(C)	A	6.261753984458938
TRD	Neo(C)	A	4.659671151418141
TRD	Neo(C)	A	5.537473540180021
TRD	Neo(C)	A	7.922847935712725
TRD	Neo(C)	A	6.936022797777949
TRD	Neo(C)	A	8.24434574085984
TRD	Neo(C)	A	6.000480288651883
TRD	Neo(C)	A	9.013961213492017
TRD	Neo(C)	A	5.819945631245995
TRD	Neo(C)	A	5.963695771029552
TRD	Neo(C)	A	8.43237050249048
TRD	Neo(C)	A	5.38402516284755
TRD	Neo(C)	A	6.176437456885128
TRD	Neo(C)	A	4.984403290247575
TRD	Neo(C)	A	4.392291625786796
TRD	Neo(C)	A	8.360400696114684
TRD	Neo(C)	A	5.908125470770284
TRD	Neo(C)	A	5.0099554010427365
TRD	Neo(C)	A	5.472963511601975
TRD	Neo(C)	A	8.438977053076089
TRD	Neo(C)	A	9.875584881209107
TRD	Neo(C)	A	7.813832662451923
TRD	Neo(C)	A	7.813832662451923
TRD	Neo(C)	A	3.7771557540161003
TRD	Neo(P)	P	0.1262724771486516
TRD	Neo(P)	P	0.9231760623443545
TRD	Neo(P)	C	4.114435840086341
TRD	Neo(P)	C	0.3315733789856031
TRD	Neo(P)	A	5.264085480797154
TRD	Neo(P)	A	0.4591873015909462
TRD	Spe	P	0.16468653440490685
TRD	Spe	P	0.19507289311459328
TRD	Spe	P	0.34614960506260234
TRD	Spe	P	2.6397363236953155
TRD	Spe	P	0.33006957918615965
TRD	Spe	P	1.6453999320932555
TRD	Spe	P	0.049059384525315136
TRD	Spe	P	3.499744177483003
TRD	Spe	P	5.570122917487406
TRD	Spe	P	5.4784470290184215
TRD	Spe	P	1.5248943907847063
TRD	Spe	P	0.77917873944134
TRD	Spe	P	0.014311963861490643
TRD	Spe	C	0.03664141323771965
TRD	Spe	C	3.3717382474511775
TRD	Spe	C	5.170235574909841
TRD	Spe	C	0.029770426330043245
TRD	Spe	C	5.257595984369663
TRD	Spe	C	2.2031396981830063
TRD	Spe	C	0.018885045490902332
TRD	Spe	C	0.3340844359749234
TRD	Spe	C	5.647131829531466
TRD	Spe	C	0.014674745518345304
TRD	Spe	C	1.0699740925679049
TRD	Spe	C	0.1352960424855888
TRD	Spe	C	0.06107247458034007
TRD	Spe	A	1.1268720050025864
TRD	Spe	A	2.2573372500422155
TRD	Spe	A	3.760665540344787
TRD	Spe	A	0.5644105261974744
TRD	Spe	A	0.6289786913483687
TRD	Spe	A	4.250648981002282
TRD	Spe	A	0.7788774728870504
TRD	Spe	A	8.70985105905892
TRD	Spe	A	2.5183035254543937
TRD	Spe	A	5.894912973997695
TRD	Spe	A	2.6427337597061897
TRD	Spe	A	3.745619651237996
TRD	Spe	A	3.6202912924421033
