sample	distance_bp	possible_bin_pairs	observed_nonzero_pixels	contact_sum	mean_contact_per_possible_pair	support_cutoff_possible_pairs
rep1	50000	9942	9912	9270471.0	932.455340978	1000
rep1	100000	9925	9893	4422279.0	445.569672544	1000
rep1	150000	9908	9881	3005679.0	303.358800969	1000
rep1	200000	9891	9858	2262719.0	228.765443332	1000
rep1	250000	9874	9841	1805847.0	182.889102694	1000
rep1	300000	9857	9820	1495201.0	151.689256366	1000
rep1	350000	9840	9804	1277091.0	129.785670732	1000
rep1	400000	9823	9790	1114427.0	113.450778784	1000
rep1	450000	9806	9775	988163.0	100.771262492	1000
rep1	500000	9789	9757	886239.0	90.5341710083	1000
rep1	550000	9772	9735	807902.0	82.6751944331	1000
rep1	600000	9755	9721	741615.0	76.0240902101	1000
rep1	650000	9738	9699	688608.0	70.7134935305	1000
rep1	700000	9721	9679	639426.0	65.7778006378	1000
rep1	750000	9704	9662	600185.0	61.8492374279	1000
rep1	800000	9687	9647	564532.0	58.2772788273	1000
rep1	850000	9670	9630	534916.0	55.3170630817	1000
rep1	900000	9653	9614	508736.0	52.7023723195	1000
rep1	950000	9636	9594	484191.0	50.248132005	1000
rep1	1000000	9619	9578	462100.0	48.0403368334	1000
rep1	1050000	9602	9566	443084.0	46.144969798	1000
rep1	1100000	9585	9550	425686.0	44.4116849244	1000
rep1	1150000	9568	9533	409877.0	42.8383152174	1000
rep1	1200000	9551	9515	396636.0	41.5282169406	1000
rep1	1250000	9534	9492	383760.0	40.2517306482	1000
rep1	1300000	9517	9475	371001.0	38.9829778291	1000
rep1	1350000	9500	9458	359815.0	37.8752631579	1000
rep1	1400000	9483	9445	350717.0	36.9837604134	1000
rep1	1450000	9466	9426	340430.0	35.9634481302	1000
rep1	1500000	9449	9409	331455.0	35.0783151656	1000
rep1	1550000	9432	9383	324299.0	34.3828456319	1000
rep1	1600000	9415	9372	315846.0	33.5471056824	1000
rep1	1650000	9398	9344	306998.0	32.6663119813	1000
rep1	1700000	9381	9340	299936.0	31.9727107984	1000
rep1	1750000	9364	9319	294127.0	31.4104015378	1000
rep1	1800000	9347	9301	288545.0	30.8703327271	1000
rep1	1850000	9330	9282	283711.0	30.4084673098	1000
rep1	1900000	9313	9268	277642.0	29.8123053796	1000
rep1	1950000	9296	9244	272189.0	29.2802280551	1000
rep1	2000000	9279	9223	267071.0	28.7823041276	1000
rep1	2050000	9262	9211	262605.0	28.3529475275	1000
rep1	2100000	9245	9193	259461.0	28.0650081125	1000
rep1	2150000	9228	9176	254058.0	27.5312093628	1000
rep1	2200000	9211	9152	250212.0	27.1644772555	1000
rep1	2250000	9194	9138	244999.0	26.647705025	1000
rep1	2300000	9177	9123	241056.0	26.2674076496	1000
rep1	2350000	9160	9104	236630.0	25.8329694323	1000
rep1	2400000	9143	9073	233216.0	25.5076014437	1000
rep1	2450000	9126	9071	229725.0	25.1725838264	1000
rep1	2500000	9109	9051	226769.0	24.8950488528	1000
rep1	2550000	9092	9029	222936.0	24.5200175979	1000
rep1	2600000	9075	9010	219729.0	24.2125619835	1000
rep1	2650000	9058	8991	216576.0	23.9099138883	1000
rep1	2700000	9041	8978	212892.0	23.5473951996	1000
rep1	2750000	9024	8954	209880.0	23.2579787234	1000
rep1	2800000	9007	8927	207041.0	22.986677029	1000
rep1	2850000	8990	8915	203352.0	22.6197997775	1000
rep1	2900000	8973	8904	200276.0	22.3198484342	1000
rep1	2950000	8956	8882	198603.0	22.1754131309	1000
rep1	3000000	8939	8853	195348.0	21.853451169	1000
rep1	3050000	8922	8845	193117.0	21.6450347456	1000
rep1	3100000	8905	8829	190652.0	21.4095451993	1000
rep1	3150000	8888	8812	187769.0	21.1261251125	1000
rep1	3200000	8871	8793	186623.0	21.0374253185	1000
rep1	3250000	8854	8776	183565.0	20.7324373165	1000
rep1	3300000	8837	8751	181105.0	20.4939459092	1000
rep1	3350000	8820	8725	179132.0	20.3097505669	1000
rep1	3400000	8803	8716	177202.0	20.1297285016	1000
rep1	3450000	8786	8705	174883.0	19.9047348054	1000
rep1	3500000	8769	8668	172818.0	19.7078344167	1000
rep1	3550000	8752	8658	169518.0	19.3690585009	1000
rep1	3600000	8735	8642	168657.0	19.3081854608	1000
rep1	3650000	8718	8616	166007.0	19.0418674008	1000
rep1	3700000	8701	8596	164711.0	18.9301229744	1000
rep1	3750000	8684	8570	161637.0	18.6131966836	1000
rep1	3800000	8667	8555	160404.0	18.5074420215	1000
rep1	3850000	8650	8544	158631.0	18.3388439306	1000
rep1	3900000	8633	8524	158074.0	18.3104366964	1000
rep1	3950000	8616	8518	154707.0	17.9557799443	1000
rep1	4000000	8599	8501	152860.0	17.7764856379	1000
rep1	4050000	8582	8464	151741.0	17.681309718	1000
rep1	4100000	8565	8449	150026.0	17.5161704612	1000
rep1	4150000	8548	8427	148036.0	17.3182030884	1000
rep1	4200000	8531	8412	146007.0	17.1148751612	1000
rep1	4250000	8514	8412	144355.0	16.955015269	1000
rep1	4300000	8497	8370	143162.0	16.848534777	1000
rep1	4350000	8480	8360	142406.0	16.7931603774	1000
rep1	4400000	8463	8350	139150.0	16.4421599905	1000
rep1	4450000	8446	8318	138692.0	16.4210277054	1000
rep1	4500000	8429	8306	137225.0	16.2801044015	1000
rep1	4550000	8412	8293	136589.0	16.2373989539	1000
rep1	4600000	8395	8261	134992.0	16.0800476474	1000
rep1	4650000	8378	8260	132945.0	15.8683456672	1000
rep1	4700000	8361	8226	131195.0	15.6913048678	1000
rep1	4750000	8344	8207	129079.0	15.4696788111	1000
rep1	4800000	8327	8209	129201.0	15.5159120932	1000
rep1	4850000	8310	8176	127197.0	15.3064981949	1000
rep1	4900000	8293	8152	125995.0	15.1929337996	1000
rep1	4950000	8276	8130	125105.0	15.1166022233	1000
rep1	5000000	8259	8121	123112.0	14.9064051338	1000
rep1	5050000	8242	8108	122318.0	14.8408153361	1000
rep1	5100000	8225	8090	120465.0	14.6462006079	1000
rep1	5150000	8208	8064	118955.0	14.4925682261	1000
rep1	5200000	8191	8032	117923.0	14.3966548651	1000
rep1	5250000	8174	8029	116863.0	14.2969170541	1000
rep1	5300000	8157	8017	116167.0	14.2413877651	1000
rep1	5350000	8140	7988	114114.0	14.0189189189	1000
rep1	5400000	8123	7994	112875.0	13.8957281792	1000
rep1	5450000	8106	7964	112260.0	13.8490007402	1000
rep1	5500000	8089	7935	110729.0	13.6888366918	1000
rep1	5550000	8072	7931	109789.0	13.6012140733	1000
rep1	5600000	8055	7909	108027.0	13.4111731844	1000
rep1	5650000	8038	7857	106593.0	13.2611346106	1000
rep1	5700000	8021	7855	105549.0	13.1590824087	1000
rep1	5750000	8004	7833	104223.0	13.0213643178	1000
rep1	5800000	7987	7831	103363.0	12.9414047828	1000
rep1	5850000	7970	7795	102713.0	12.8874529486	1000
rep1	5900000	7953	7777	100994.0	12.6988557777	1000
rep1	5950000	7936	7765	100340.0	12.6436491935	1000
rep1	6000000	7919	7758	99487.0	12.563076146	1000
rep1	6050000	7902	7741	98598.0	12.4776006074	1000
rep1	6100000	7885	7700	97144.0	12.3201014585	1000
rep1	6150000	7868	7694	96146.0	12.2198779868	1000
rep1	6200000	7851	7676	95454.0	12.1581964081	1000
rep1	6250000	7834	7649	94566.0	12.0712279806	1000
rep1	6300000	7817	7637	93136.0	11.914545222	1000
rep1	6350000	7800	7605	91360.0	11.7128205128	1000
rep1	6400000	7783	7580	90968.0	11.6880380316	1000
rep1	6450000	7766	7570	89626.0	11.5408189544	1000
rep1	6500000	7749	7564	88422.0	11.4107626791	1000
rep1	6550000	7732	7552	87718.0	11.3448008277	1000
rep1	6600000	7715	7517	86766.0	11.2464031108	1000
rep1	6650000	7698	7469	85318.0	11.0831384775	1000
rep1	6700000	7681	7479	85234.0	11.0967321963	1000
rep1	6750000	7664	7452	83391.0	10.8808716075	1000
rep1	6800000	7647	7424	82539.0	10.7936445665	1000
rep1	6850000	7630	7433	82234.0	10.7777195282	1000
rep1	6900000	7613	7395	81175.0	10.662682254	1000
rep1	6950000	7596	7396	79957.0	10.5261979989	1000
rep1	7000000	7579	7374	79534.0	10.4939965695	1000
rep1	7050000	7562	7365	78150.0	10.3345675747	1000
rep1	7100000	7545	7316	76904.0	10.1927104042	1000
rep1	7150000	7528	7281	76411.0	10.1502391073	1000
rep1	7200000	7511	7305	75785.0	10.0898681933	1000
rep1	7250000	7494	7262	75264.0	10.0432345877	1000
rep1	7300000	7477	7249	73978.0	9.89407516384	1000
rep1	7350000	7460	7209	73243.0	9.81809651475	1000
rep1	7400000	7443	7202	72340.0	9.71919924762	1000
rep1	7450000	7426	7206	71649.0	9.64839752222	1000
rep1	7500000	7409	7168	70679.0	9.53961398299	1000
rep1	7550000	7392	7141	70231.0	9.5009469697	1000
rep1	7600000	7375	7141	69214.0	9.38494915254	1000
rep1	7650000	7358	7097	68410.0	9.29736341397	1000
rep1	7700000	7341	7075	68034.0	9.26767470372	1000
rep1	7750000	7324	7066	67817.0	9.25955761879	1000
rep1	7800000	7307	7025	66444.0	9.093198303	1000
rep1	7850000	7290	7015	64871.0	8.89862825789	1000
rep1	7900000	7273	7013	64840.0	8.91516568129	1000
rep1	7950000	7256	6994	64527.0	8.89291620728	1000
rep1	8000000	7239	6967	63328.0	8.74816963669	1000
rep1	8050000	7222	6937	62997.0	8.72292993631	1000
rep1	8100000	7205	6894	62498.0	8.67425399028	1000
rep1	8150000	7188	6893	61848.0	8.60434056761	1000
rep1	8200000	7171	6865	61150.0	8.52740203598	1000
rep1	8250000	7154	6858	60475.0	8.45331283198	1000
rep1	8300000	7137	6822	60131.0	8.42524870394	1000
rep1	8350000	7120	6793	59622.0	8.37387640449	1000
rep1	8400000	7103	6787	58856.0	8.28607630579	1000
rep1	8450000	7086	6756	57740.0	8.14846175557	1000
rep1	8500000	7069	6748	57668.0	8.15787240062	1000
rep1	8550000	7052	6750	57025.0	8.08635847986	1000
rep1	8600000	7035	6720	56680.0	8.05685856432	1000
rep1	8650000	7018	6684	55509.0	7.90951838131	1000
rep1	8700000	7001	6685	55556.0	7.9354377946	1000
rep1	8750000	6984	6650	55049.0	7.88215922108	1000
rep1	8800000	6967	6628	54040.0	7.75656667145	1000
rep1	8850000	6950	6636	53546.0	7.70446043165	1000
rep1	8900000	6933	6584	53004.0	7.64517524881	1000
rep1	8950000	6916	6554	52504.0	7.59167148641	1000
rep1	9000000	6899	6555	51609.0	7.48064936947	1000
rep1	9050000	6882	6556	51226.0	7.4434757338	1000
rep1	9100000	6865	6516	50650.0	7.37800436999	1000
rep1	9150000	6848	6470	50587.0	7.3871203271	1000
rep1	9200000	6831	6477	50263.0	7.35807348851	1000
rep1	9250000	6814	6456	49077.0	7.20237745817	1000
rep1	9300000	6797	6408	49081.0	7.22097984405	1000
rep1	9350000	6780	6402	48414.0	7.1407079646	1000
rep1	9400000	6763	6381	48046.0	7.10424367884	1000
rep1	9450000	6746	6361	47360.0	7.02045656685	1000
rep1	9500000	6729	6352	46999.0	6.98454450884	1000
rep1	9550000	6712	6313	46807.0	6.97362932062	1000
rep1	9600000	6695	6333	46387.0	6.9286034354	1000
rep1	9650000	6678	6285	45650.0	6.83587900569	1000
rep1	9700000	6661	6268	45364.0	6.81038883051	1000
rep1	9750000	6644	6250	45232.0	6.80794701987	1000
rep1	9800000	6627	6213	44865.0	6.77003168855	1000
rep1	9850000	6610	6238	44394.0	6.71618759455	1000
rep1	9900000	6593	6230	44044.0	6.68041862582	1000
rep1	9950000	6576	6184	43889.0	6.67411800487	1000
rep1	10000000	6559	6166	43226.0	6.59033389236	1000
rep1	10050000	6542	6142	43174.0	6.59951085295	1000
rep1	10100000	6525	6136	42842.0	6.56582375479	1000
rep1	10150000	6508	6113	42152.0	6.47695144438	1000
rep1	10200000	6491	6060	42087.0	6.4839007857	1000
rep1	10250000	6474	6076	41417.0	6.39743589744	1000
rep1	10300000	6457	6050	40967.0	6.34458726963	1000
rep1	10350000	6440	6030	40834.0	6.34068322981	1000
rep1	10400000	6423	5996	40624.0	6.32477035653	1000
rep1	10450000	6406	5981	39646.0	6.18888541992	1000
rep1	10500000	6389	5944	40052.0	6.26889967131	1000
rep1	10550000	6372	5957	39415.0	6.18565599498	1000
rep1	10600000	6355	5939	39233.0	6.17356412274	1000
rep1	10650000	6338	5933	38969.0	6.14846954875	1000
rep1	10700000	6321	5887	38430.0	6.07973421927	1000
rep1	10750000	6304	5883	38671.0	6.13435913706	1000
rep1	10800000	6287	5848	37883.0	6.02560839828	1000
rep1	10850000	6270	5858	38066.0	6.0711323764	1000
rep1	10900000	6253	5814	37737.0	6.03502318887	1000
rep1	10950000	6236	5788	37686.0	6.04329698525	1000
rep1	11000000	6219	5781	37155.0	5.97443318862	1000
rep1	11050000	6202	5767	36847.0	5.94114801677	1000
rep1	11100000	6185	5763	36621.0	5.92093775263	1000
rep1	11150000	6168	5738	36069.0	5.84776264591	1000
rep1	11200000	6151	5710	35897.0	5.83596163225	1000
rep1	11250000	6134	5695	35769.0	5.8312683404	1000
rep1	11300000	6117	5707	35312.0	5.77276442701	1000
rep1	11350000	6100	5656	35178.0	5.7668852459	1000
rep1	11400000	6083	5625	35391.0	5.81801742561	1000
rep1	11450000	6066	5632	34844.0	5.74414770854	1000
rep1	11500000	6049	5591	34596.0	5.71929244503	1000
rep1	11550000	6032	5601	34264.0	5.68037135279	1000
rep1	11600000	6015	5537	33994.0	5.65153782211	1000
rep1	11650000	5998	5529	33836.0	5.64121373791	1000
rep1	11700000	5981	5512	33626.0	5.62213676643	1000
rep1	11750000	5964	5517	33254.0	5.5757880617	1000
rep1	11800000	5947	5502	33047.0	5.55691945519	1000
rep1	11850000	5930	5484	32650.0	5.50590219224	1000
rep1	11900000	5913	5474	32802.0	5.54743784881	1000
rep1	11950000	5896	5429	32320.0	5.48168249661	1000
rep1	12000000	5879	5443	32325.0	5.49838407892	1000
rep1	12050000	5862	5398	31956.0	5.45138178096	1000
rep1	12100000	5845	5407	31596.0	5.40564585115	1000
rep1	12150000	5828	5402	31430.0	5.39293067948	1000
rep1	12200000	5811	5373	31539.0	5.4274651523	1000
rep1	12250000	5794	5330	31324.0	5.40628236106	1000
rep1	12300000	5777	5321	30980.0	5.36264497144	1000
rep1	12350000	5760	5307	30832.0	5.35277777778	1000
rep1	12400000	5743	5301	30490.0	5.30907191363	1000
rep1	12450000	5726	5291	30660.0	5.35452322738	1000
rep1	12500000	5709	5244	30242.0	5.29724995621	1000
rep1	12550000	5692	5227	30118.0	5.29128601546	1000
rep1	12600000	5675	5230	29902.0	5.26907488987	1000
rep1	12650000	5658	5201	29535.0	5.22004241782	1000
rep1	12700000	5641	5141	29570.0	5.24197837263	1000
rep1	12750000	5624	5168	29249.0	5.20074679943	1000
rep1	12800000	5607	5116	29217.0	5.21080791867	1000
rep1	12850000	5590	5122	29023.0	5.19194991055	1000
rep1	12900000	5573	5096	28403.0	5.09653687421	1000
rep1	12950000	5556	5114	28503.0	5.13012958963	1000
rep1	13000000	5539	5089	28625.0	5.16790034302	1000
rep1	13050000	5522	5038	28098.0	5.08837377762	1000
rep1	13100000	5505	5025	28068.0	5.09863760218	1000
rep1	13150000	5488	5027	27796.0	5.06486880466	1000
rep1	13200000	5471	4996	27587.0	5.04240541035	1000
rep1	13250000	5454	4970	27285.0	5.00275027503	1000
rep1	13300000	5437	5001	27026.0	4.97075593158	1000
rep1	13350000	5420	4962	26924.0	4.96752767528	1000
rep1	13400000	5403	4930	26890.0	4.97686470479	1000
rep1	13450000	5386	4909	26761.0	4.96862235425	1000
rep1	13500000	5369	4884	26410.0	4.91897932576	1000
rep1	13550000	5352	4878	26364.0	4.92600896861	1000
rep1	13600000	5335	4885	26032.0	4.87947516401	1000
rep1	13650000	5318	4872	25872.0	4.86498683716	1000
rep1	13700000	5301	4814	25468.0	4.80437653273	1000
rep1	13750000	5284	4817	25512.0	4.82816048448	1000
rep1	13800000	5267	4800	25545.0	4.85000949307	1000
rep1	13850000	5250	4795	25603.0	4.87676190476	1000
rep1	13900000	5233	4775	25438.0	4.86107395376	1000
rep1	13950000	5216	4753	25011.0	4.79505368098	1000
rep1	14000000	5199	4743	25047.0	4.81765724178	1000
rep1	14050000	5182	4709	24775.0	4.78097259745	1000
rep1	14100000	5165	4698	24952.0	4.83097773475	1000
rep1	14150000	5148	4688	24613.0	4.78108003108	1000
rep1	14200000	5131	4669	24502.0	4.77528746833	1000
rep1	14250000	5114	4634	24380.0	4.76730543606	1000
rep1	14300000	5097	4611	24332.0	4.77378850304	1000
rep1	14350000	5080	4616	24138.0	4.75157480315	1000
rep1	14400000	5063	4596	23923.0	4.72506419119	1000
rep1	14450000	5046	4578	23896.0	4.73563218391	1000
rep1	14500000	5029	4580	23931.0	4.75860011931	1000
rep1	14550000	5012	4559	23524.0	4.69353551476	1000
rep1	14600000	4995	4528	23294.0	4.66346346346	1000
rep1	14650000	4978	4492	23267.0	4.67396544797	1000
rep1	14700000	4961	4510	23363.0	4.70933279581	1000
rep1	14750000	4944	4485	23097.0	4.67172330097	1000
rep1	14800000	4927	4474	23266.0	4.72214329206	1000
rep1	14850000	4910	4493	23040.0	4.69246435845	1000
rep1	14900000	4893	4433	22603.0	4.61945636624	1000
rep1	14950000	4876	4442	22519.0	4.61833470057	1000
rep1	15000000	4859	4406	22461.0	4.6225560815	1000
rep1	15050000	4842	4361	22294.0	4.60429574556	1000
rep1	15100000	4825	4397	22273.0	4.61616580311	1000
rep1	15150000	4808	4406	22141.0	4.60503327787	1000
rep1	15200000	4791	4344	22040.0	4.60029221457	1000
rep1	15250000	4774	4339	21820.0	4.57059069962	1000
rep1	15300000	4757	4346	21974.0	4.61929787681	1000
rep1	15350000	4740	4316	21916.0	4.62362869198	1000
rep1	15400000	4723	4291	21917.0	4.64048274402	1000
rep1	15450000	4706	4279	21820.0	4.63663408415	1000
rep1	15500000	4689	4283	21378.0	4.55918106206	1000
rep1	15550000	4672	4251	21357.0	4.57127568493	1000
rep1	15600000	4655	4240	21276.0	4.57056928034	1000
rep1	15650000	4638	4205	21120.0	4.55368693402	1000
rep1	15700000	4621	4186	20756.0	4.49166847003	1000
rep1	15750000	4604	4178	20922.0	4.54430929626	1000
rep1	15800000	4587	4165	20912.0	4.55897100501	1000
rep1	15850000	4570	4155	21175.0	4.63347921225	1000
rep1	15900000	4553	4144	20542.0	4.51175049418	1000
rep1	15950000	4536	4122	20607.0	4.54298941799	1000
rep1	16000000	4519	4122	20339.0	4.50077450763	1000
rep1	16050000	4502	4114	20643.0	4.58529542426	1000
rep1	16100000	4485	4085	20255.0	4.51616499443	1000
rep1	16150000	4468	4064	20250.0	4.53222918532	1000
rep1	16200000	4451	4066	20119.0	4.52010784093	1000
rep1	16250000	4434	4027	20230.0	4.56247180875	1000
rep1	16300000	4417	4031	20005.0	4.52909214399	1000
rep1	16350000	4400	4005	19707.0	4.47886363636	1000
rep1	16400000	4383	4007	19988.0	4.56034679443	1000
rep1	16450000	4366	3972	20040.0	4.59001374256	1000
rep1	16500000	4349	3951	19852.0	4.56472752357	1000
rep1	16550000	4332	3950	19793.0	4.5690212373	1000
rep1	16600000	4315	3939	19727.0	4.57172653534	1000
rep1	16650000	4298	3940	19615.0	4.56375058167	1000
rep1	16700000	4281	3914	19496.0	4.55407615043	1000
rep1	16750000	4264	3881	19450.0	4.56144465291	1000
rep1	16800000	4247	3865	19367.0	4.56016011302	1000
rep1	16850000	4230	3850	19076.0	4.50969267139	1000
rep1	16900000	4213	3873	19068.0	4.5259909803	1000
rep1	16950000	4196	3823	19104.0	4.55290753098	1000
rep1	17000000	4179	3799	19027.0	4.55300311079	1000
rep1	17050000	4162	3768	18852.0	4.52955309947	1000
rep1	17100000	4145	3759	18835.0	4.54402895054	1000
rep1	17150000	4128	3768	18734.0	4.5382751938	1000
rep1	17200000	4111	3739	18806.0	4.57455606908	1000
rep1	17250000	4094	3740	18741.0	4.57767464582	1000
rep1	17300000	4077	3727	18548.0	4.54942359578	1000
rep1	17350000	4060	3687	18317.0	4.51157635468	1000
rep1	17400000	4043	3707	18144.0	4.48775661637	1000
rep1	17450000	4026	3656	18330.0	4.55290611028	1000
rep1	17500000	4009	3658	18053.0	4.50311798453	1000
rep1	17550000	3992	3629	17959.0	4.49874749499	1000
rep1	17600000	3975	3607	17955.0	4.51698113208	1000
rep1	17650000	3958	3584	18093.0	4.5712481051	1000
rep1	17700000	3941	3563	17775.0	4.51027657955	1000
rep1	17750000	3924	3562	17606.0	4.48674821611	1000
rep1	17800000	3907	3557	17513.0	4.48246736627	1000
rep1	17850000	3890	3527	17555.0	4.51285347044	1000
rep1	17900000	3873	3506	17554.0	4.53240382133	1000
rep1	17950000	3856	3509	17316.0	4.49066390041	1000
rep1	18000000	3839	3514	17442.0	4.54337066945	1000
rep1	18050000	3822	3489	17246.0	4.51229722658	1000
rep1	18100000	3805	3450	17076.0	4.48777923784	1000
rep1	18150000	3788	3427	17066.0	4.50527983105	1000
rep1	18200000	3771	3430	17134.0	4.54362238133	1000
rep1	18250000	3754	3399	16944.0	4.51358550879	1000
rep1	18300000	3737	3403	16827.0	4.50280974043	1000
rep1	18350000	3720	3370	16928.0	4.55053763441	1000
rep1	18400000	3703	3359	16603.0	4.48366189576	1000
rep1	18450000	3686	3348	16482.0	4.47151383614	1000
rep1	18500000	3669	3344	16530.0	4.50531479967	1000
rep1	18550000	3652	3279	16204.0	4.43702081051	1000
rep1	18600000	3635	3296	16480.0	4.53370013755	1000
rep1	18650000	3618	3276	16603.0	4.58899944721	1000
rep1	18700000	3601	3235	16096.0	4.4698694807	1000
rep1	18750000	3584	3230	16330.0	4.55636160714	1000
rep1	18800000	3567	3176	15969.0	4.47687132044	1000
rep1	18850000	3550	3203	15976.0	4.50028169014	1000
rep1	18900000	3533	3197	16134.0	4.56665723181	1000
rep1	18950000	3516	3178	15925.0	4.52929465301	1000
rep1	19000000	3499	3150	15833.0	4.5250071449	1000
rep1	19050000	3482	3122	15682.0	4.5037334865	1000
rep1	19100000	3465	3105	15515.0	4.47763347763	1000
rep1	19150000	3448	3084	15317.0	4.44228538283	1000
rep1	19200000	3431	3082	15407.0	4.49052754299	1000
rep1	19250000	3414	3074	15283.0	4.47656707674	1000
rep1	19300000	3397	3063	15348.0	4.5181042096	1000
rep1	19350000	3380	3023	15354.0	4.5426035503	1000
rep1	19400000	3363	3015	15159.0	4.50758251561	1000
rep1	19450000	3346	3041	15034.0	4.49312612074	1000
rep1	19500000	3329	2986	15234.0	4.57614899369	1000
rep1	19550000	3312	2975	14885.0	4.49426328502	1000
rep1	19600000	3295	2975	15113.0	4.58664643399	1000
rep1	19650000	3278	2939	14918.0	4.5509456986	1000
rep1	19700000	3261	2915	14822.0	4.54523152407	1000
rep1	19750000	3244	2911	14745.0	4.54531442663	1000
rep1	19800000	3227	2924	14859.0	4.60458630307	1000
rep1	19850000	3210	2874	14557.0	4.53489096573	1000
rep1	19900000	3193	2844	14691.0	4.6010021923	1000
rep1	19950000	3176	2828	14740.0	4.64105793451	1000
rep1	20000000	3159	2828	14372.0	4.54954099399	1000
rep1	20050000	3142	2818	14342.0	4.5646085296	1000
rep1	20100000	3125	2809	14351.0	4.59232	1000
rep1	20150000	3108	2793	14185.0	4.56402831403	1000
rep1	20200000	3091	2761	13913.0	4.50113231964	1000
rep1	20250000	3074	2739	13893.0	4.51951854262	1000
rep1	20300000	3057	2740	13838.0	4.5266601243	1000
rep1	20350000	3040	2714	13864.0	4.56052631579	1000
rep1	20400000	3023	2696	13818.0	4.57095600397	1000
rep1	20450000	3006	2674	13707.0	4.55988023952	1000
rep1	20500000	2989	2660	13826.0	4.6256273001	1000
rep1	20550000	2972	2647	13688.0	4.60565275908	1000
rep1	20600000	2955	2636	13488.0	4.56446700508	1000
rep1	20650000	2938	2649	13317.0	4.53267528931	1000
rep1	20700000	2921	2613	13363.0	4.57480314961	1000
rep1	20750000	2904	2597	13342.0	4.59435261708	1000
rep1	20800000	2887	2614	13495.0	4.67440249394	1000
rep1	20850000	2870	2573	13215.0	4.60452961672	1000
rep1	20900000	2853	2554	13272.0	4.65194532072	1000
rep1	20950000	2836	2542	13207.0	4.65691114245	1000
rep1	21000000	2819	2514	13087.0	4.64242639234	1000
rep1	21050000	2802	2500	12803.0	4.56923625981	1000
rep1	21100000	2785	2505	12797.0	4.59497307002	1000
rep1	21150000	2768	2494	12963.0	4.68316473988	1000
rep1	21200000	2751	2462	12623.0	4.5885132679	1000
rep1	21250000	2734	2458	12518.0	4.57863935625	1000
rep1	21300000	2717	2421	12594.0	4.63525947736	1000
rep1	21350000	2700	2433	12535.0	4.64259259259	1000
rep1	21400000	2683	2396	12460.0	4.64405516213	1000
rep1	21450000	2666	2395	12293.0	4.61102775694	1000
rep1	21500000	2649	2360	12189.0	4.6013590034	1000
rep1	21550000	2632	2387	12075.0	4.58776595745	1000
rep1	21600000	2615	2362	12247.0	4.68336520076	1000
rep1	21650000	2598	2320	11964.0	4.60508083141	1000
rep1	21700000	2581	2338	11963.0	4.63502518404	1000
rep1	21750000	2564	2302	11753.0	4.58385335413	1000
rep1	21800000	2547	2289	11772.0	4.62190812721	1000
rep1	21850000	2530	2272	11811.0	4.66837944664	1000
rep1	21900000	2513	2253	11526.0	4.58654994031	1000
rep1	21950000	2496	2243	11544.0	4.625	1000
rep1	22000000	2479	2217	11706.0	4.72206534893	1000
rep1	22050000	2462	2228	11455.0	4.65272136474	1000
rep1	22100000	2445	2191	11285.0	4.61554192229	1000
rep1	22150000	2428	2171	11314.0	4.65980230643	1000
rep1	22200000	2411	2184	11369.0	4.71547075902	1000
rep1	22250000	2394	2152	11149.0	4.65705931495	1000
rep1	22300000	2377	2130	11019.0	4.63567522087	1000
rep1	22350000	2360	2119	11038.0	4.67711864407	1000
rep1	22400000	2343	2088	10841.0	4.626973965	1000
rep1	22450000	2326	2082	10836.0	4.65864144454	1000
rep1	22500000	2309	2071	10820.0	4.68601126029	1000
rep1	22550000	2292	2049	10708.0	4.67190226876	1000
rep1	22600000	2275	2024	10593.0	4.65626373626	1000
rep1	22650000	2258	2018	10418.0	4.61381753764	1000
rep1	22700000	2241	2022	10301.0	4.59660865685	1000
rep1	22750000	2224	2009	10371.0	4.66321942446	1000
rep1	22800000	2207	1983	10168.0	4.60715903942	1000
rep1	22850000	2190	1958	10148.0	4.63378995434	1000
rep1	22900000	2173	1940	10370.0	4.77220432582	1000
rep1	22950000	2156	1942	10161.0	4.71289424861	1000
rep1	23000000	2139	1913	9889.0	4.6231884058	1000
rep1	23050000	2122	1882	9988.0	4.7068803016	1000
rep1	23100000	2105	1875	9859.0	4.68361045131	1000
rep1	23150000	2088	1844	9743.0	4.66618773946	1000
rep1	23200000	2071	1861	9758.0	4.7117334621	1000
rep1	23250000	2054	1852	9649.0	4.6976630964	1000
rep1	23300000	2037	1836	9481.0	4.65439371625	1000
rep1	23350000	2020	1773	9539.0	4.72227722772	1000
rep1	23400000	2003	1778	9551.0	4.76834747878	1000
rep1	23450000	1986	1755	9274.0	4.6696878147	1000
rep1	23500000	1969	1761	9425.0	4.78669375317	1000
rep1	23550000	1952	1746	9146.0	4.68545081967	1000
rep1	23600000	1935	1715	9148.0	4.72764857881	1000
rep1	23650000	1918	1702	8804.0	4.59019812304	1000
rep1	23700000	1901	1689	8948.0	4.70699631773	1000
rep1	23750000	1884	1692	9019.0	4.78715498938	1000
rep1	23800000	1867	1670	8900.0	4.76700589181	1000
rep1	23850000	1850	1652	8619.0	4.65891891892	1000
rep1	23900000	1833	1653	8498.0	4.63611565739	1000
rep1	23950000	1817	1635	8435.0	4.64226747386	1000
rep1	24000000	1801	1602	8237.0	4.57357023876	1000
rep1	24050000	1785	1590	8251.0	4.62240896359	1000
rep1	24100000	1769	1578	8177.0	4.62238552855	1000
rep1	24150000	1753	1579	8077.0	4.60752994866	1000
rep1	24200000	1737	1555	8161.0	4.69833045481	1000
rep1	24250000	1721	1551	8059.0	4.68274259152	1000
rep1	24300000	1705	1519	8076.0	4.7366568915	1000
rep1	24350000	1689	1507	7993.0	4.73238602724	1000
rep1	24400000	1673	1516	8061.0	4.81829049611	1000
rep1	24450000	1657	1478	7680.0	4.63488231744	1000
rep1	24500000	1641	1451	7393.0	4.50517976843	1000
rep1	24550000	1625	1474	7481.0	4.60369230769	1000
rep1	24600000	1610	1456	7432.0	4.61614906832	1000
rep1	24650000	1595	1431	7311.0	4.58369905956	1000
rep1	24700000	1580	1418	7219.0	4.56898734177	1000
rep1	24750000	1565	1395	7191.0	4.59488817891	1000
rep1	24800000	1550	1399	7169.0	4.62516129032	1000
rep1	24850000	1535	1367	7184.0	4.68013029316	1000
rep1	24900000	1520	1367	7123.0	4.68618421053	1000
rep1	24950000	1505	1357	6906.0	4.58870431894	1000
rep1	25000000	1490	1321	6854.0	4.6	1000
rep1	25050000	1475	1328	6891.0	4.67186440678	1000
rep1	25100000	1460	1302	6768.0	4.63561643836	1000
rep1	25150000	1445	1303	6555.0	4.53633217993	1000
rep1	25200000	1430	1277	6567.0	4.59230769231	1000
rep1	25250000	1415	1274	6580.0	4.65017667845	1000
rep1	25300000	1400	1263	6403.0	4.57357142857	1000
rep1	25350000	1385	1247	6339.0	4.57689530686	1000
rep1	25400000	1370	1228	6351.0	4.63576642336	1000
rep1	25450000	1355	1219	6132.0	4.52546125461	1000
rep1	25500000	1340	1226	6054.0	4.51791044776	1000
rep1	25550000	1325	1183	6235.0	4.70566037736	1000
rep1	25600000	1310	1172	6097.0	4.65419847328	1000
rep1	25650000	1295	1163	5903.0	4.5583011583	1000
rep1	25700000	1280	1136	5897.0	4.60703125	1000
rep1	25750000	1266	1134	5854.0	4.62401263823	1000
rep1	25800000	1252	1131	5885.0	4.70047923323	1000
rep1	25850000	1238	1105	5706.0	4.60904684976	1000
rep1	25900000	1224	1113	5805.0	4.74264705882	1000
rep1	25950000	1210	1080	5602.0	4.62975206612	1000
rep1	26000000	1196	1072	5615.0	4.69481605351	1000
rep1	26050000	1182	1057	5657.0	4.78595600677	1000
rep1	26100000	1168	1037	5442.0	4.65924657534	1000
rep1	26150000	1154	1042	5465.0	4.73570190641	1000
rep1	26200000	1140	1022	5261.0	4.6149122807	1000
rep1	26250000	1126	1002	5374.0	4.77264653641	1000
rep1	26300000	1112	991	5124.0	4.60791366906	1000
rep1	26350000	1099	981	4959.0	4.51228389445	1000
rep1	26400000	1087	977	4758.0	4.3771849126	1000
rep1	26450000	1076	958	4770.0	4.43308550186	1000
rep1	26500000	1065	963	4633.0	4.35023474178	1000
rep1	26550000	1055	948	4499.0	4.2644549763	1000
rep1	26600000	1045	930	4637.0	4.43732057416	1000
rep1	26650000	1035	925	4542.0	4.3884057971	1000
rep1	26700000	1025	929	4589.0	4.47707317073	1000
rep1	26750000	1015	916	4520.0	4.45320197044	1000
rep1	26800000	1005	902	4332.0	4.31044776119	1000
rep2	50000	9942	9911	12248372.0	1231.98269966	1000
rep2	100000	9925	9895	6227821.0	627.488261965	1000
rep2	150000	9908	9876	4196562.0	423.552886556	1000
rep2	200000	9891	9856	3108874.0	314.313416237	1000
rep2	250000	9874	9837	2434998.0	246.607048815	1000
rep2	300000	9857	9825	1988916.0	201.777011261	1000
rep2	350000	9840	9805	1674440.0	170.166666667	1000
rep2	400000	9823	9791	1442707.0	146.870304388	1000
rep2	450000	9806	9775	1267982.0	129.306750969	1000
rep2	500000	9789	9755	1129320.0	115.366227398	1000
rep2	550000	9772	9737	1020225.0	104.402885796	1000
rep2	600000	9755	9714	929266.0	95.2604818042	1000
rep2	650000	9738	9697	853061.0	87.601252824	1000
rep2	700000	9721	9684	791865.0	81.4592120152	1000
rep2	750000	9704	9669	737515.0	76.0011335532	1000
rep2	800000	9687	9644	690464.0	71.2773820584	1000
rep2	850000	9670	9631	648735.0	67.0873836608	1000
rep2	900000	9653	9608	614245.0	63.6325494665	1000
rep2	950000	9636	9598	582030.0	60.401618929	1000
rep2	1000000	9619	9581	554006.0	57.5949682919	1000
rep2	1050000	9602	9559	529236.0	55.117267236	1000
rep2	1100000	9585	9545	508598.0	53.0618675013	1000
rep2	1150000	9568	9531	486559.0	50.8527382943	1000
rep2	1200000	9551	9515	468984.0	49.1031305622	1000
rep2	1250000	9534	9495	451493.0	47.3560939794	1000
rep2	1300000	9517	9473	435838.0	45.7957339498	1000
rep2	1350000	9500	9454	424260.0	44.6589473684	1000
rep2	1400000	9483	9439	411575.0	43.4013497838	1000
rep2	1450000	9466	9416	397600.0	42.0029579548	1000
rep2	1500000	9449	9404	386406.0	40.8938512012	1000
rep2	1550000	9432	9389	377959.0	40.0719889737	1000
rep2	1600000	9415	9370	367326.0	39.014976102	1000
rep2	1650000	9398	9355	357372.0	38.0263885933	1000
rep2	1700000	9381	9337	348737.0	37.1748214476	1000
rep2	1750000	9364	9317	341391.0	36.4578171721	1000
rep2	1800000	9347	9298	332998.0	35.6261902215	1000
rep2	1850000	9330	9275	327237.0	35.0736334405	1000
rep2	1900000	9313	9266	319974.0	34.3577794481	1000
rep2	1950000	9296	9250	315322.0	33.9201807229	1000
rep2	2000000	9279	9231	307982.0	33.1912921651	1000
rep2	2050000	9262	9199	303018.0	32.716259987	1000
rep2	2100000	9245	9190	296201.0	32.0390481341	1000
rep2	2150000	9228	9167	290683.0	31.5001083658	1000
rep2	2200000	9211	9154	285691.0	31.0162848768	1000
rep2	2250000	9194	9139	279513.0	30.4016750054	1000
rep2	2300000	9177	9119	275266.0	29.9952054048	1000
rep2	2350000	9160	9108	269272.0	29.3965065502	1000
rep2	2400000	9143	9083	265399.0	29.0275620693	1000
rep2	2450000	9126	9064	261257.0	28.6277668201	1000
rep2	2500000	9109	9036	256467.0	28.1553408717	1000
rep2	2550000	9092	9027	252246.0	27.7437307523	1000
rep2	2600000	9075	9017	248309.0	27.3618732782	1000
rep2	2650000	9058	8985	245030.0	27.0512254361	1000
rep2	2700000	9041	8973	240319.0	26.5810197987	1000
rep2	2750000	9024	8949	236035.0	26.1563608156	1000
rep2	2800000	9007	8930	232639.0	25.8286887976	1000
rep2	2850000	8990	8902	228412.0	25.4073414905	1000
rep2	2900000	8973	8897	226271.0	25.2168728407	1000
rep2	2950000	8956	8874	222756.0	24.8722644038	1000
rep2	3000000	8939	8843	219373.0	24.5411119812	1000
rep2	3050000	8922	8850	216593.0	24.2762833445	1000
rep2	3100000	8905	8828	213855.0	24.0151600225	1000
rep2	3150000	8888	8787	210141.0	23.6432268227	1000
rep2	3200000	8871	8780	207823.0	23.4272348101	1000
rep2	3250000	8854	8766	205441.0	23.2031850011	1000
rep2	3300000	8837	8729	202159.0	22.8764286523	1000
rep2	3350000	8820	8708	199227.0	22.5880952381	1000
rep2	3400000	8803	8701	196817.0	22.3579461547	1000
rep2	3450000	8786	8682	193844.0	22.0628272251	1000
rep2	3500000	8769	8668	191502.0	21.8385220664	1000
rep2	3550000	8752	8649	188882.0	21.5815813528	1000
rep2	3600000	8735	8635	186170.0	21.3131081855	1000
rep2	3650000	8718	8585	183787.0	21.0813259922	1000
rep2	3700000	8701	8595	181538.0	20.8640386163	1000
rep2	3750000	8684	8557	179707.0	20.6940350069	1000
rep2	3800000	8667	8545	176712.0	20.3890619592	1000
rep2	3850000	8650	8535	174948.0	20.2252023121	1000
rep2	3900000	8633	8504	172887.0	20.0262944515	1000
rep2	3950000	8616	8499	170994.0	19.8461002786	1000
rep2	4000000	8599	8478	168276.0	19.5692522386	1000
rep2	4050000	8582	8445	166762.0	19.4316010254	1000
rep2	4100000	8565	8435	164031.0	19.1513134851	1000
rep2	4150000	8548	8413	162235.0	18.979293402	1000
rep2	4200000	8531	8392	160991.0	18.8712929317	1000
rep2	4250000	8514	8394	158093.0	18.5685929058	1000
rep2	4300000	8497	8362	156902.0	18.4655760857	1000
rep2	4350000	8480	8333	154661.0	18.2383254717	1000
rep2	4400000	8463	8317	152689.0	18.0419473	1000
rep2	4450000	8446	8315	151279.0	17.9113189676	1000
rep2	4500000	8429	8307	148656.0	17.6362557836	1000
rep2	4550000	8412	8277	147356.0	17.5173561579	1000
rep2	4600000	8395	8242	145311.0	17.3092316855	1000
rep2	4650000	8378	8210	143578.0	17.137502984	1000
rep2	4700000	8361	8199	141968.0	16.9797871068	1000
rep2	4750000	8344	8190	140199.0	16.8023729626	1000
rep2	4800000	8327	8169	138483.0	16.6305992554	1000
rep2	4850000	8310	8156	137315.0	16.5240673887	1000
rep2	4900000	8293	8148	135061.0	16.2861449415	1000
rep2	4950000	8276	8118	133694.0	16.1544224263	1000
rep2	5000000	8259	8100	132757.0	16.0742220608	1000
rep2	5050000	8242	8086	131052.0	15.9005095851	1000
rep2	5100000	8225	8054	129388.0	15.7310638298	1000
rep2	5150000	8208	8033	128109.0	15.6078216374	1000
rep2	5200000	8191	8036	125955.0	15.3772433158	1000
rep2	5250000	8174	7996	125118.0	15.3068265231	1000
rep2	5300000	8157	7972	123203.0	15.1039597891	1000
rep2	5350000	8140	7964	121699.0	14.9507371007	1000
rep2	5400000	8123	7926	119584.0	14.7216545611	1000
rep2	5450000	8106	7905	118573.0	14.627806563	1000
rep2	5500000	8089	7889	117552.0	14.5323278526	1000
rep2	5550000	8072	7881	115862.0	14.353567889	1000
rep2	5600000	8055	7853	114081.0	14.1627560521	1000
rep2	5650000	8038	7825	112955.0	14.0526250311	1000
rep2	5700000	8021	7816	111300.0	13.8760753023	1000
rep2	5750000	8004	7784	110154.0	13.7623688156	1000
rep2	5800000	7987	7775	108749.0	13.6157505947	1000
rep2	5850000	7970	7763	106581.0	13.3727728984	1000
rep2	5900000	7953	7749	105672.0	13.2870614862	1000
rep2	5950000	7936	7713	105384.0	13.279233871	1000
rep2	6000000	7919	7690	104415.0	13.1853769415	1000
rep2	6050000	7902	7673	102648.0	12.9901290812	1000
rep2	6100000	7885	7646	101439.0	12.8648065948	1000
rep2	6150000	7868	7646	100027.0	12.7131418404	1000
rep2	6200000	7851	7627	98704.0	12.5721564132	1000
rep2	6250000	7834	7607	98137.0	12.5270615267	1000
rep2	6300000	7817	7589	96074.0	12.2903927338	1000
rep2	6350000	7800	7557	95089.0	12.1908974359	1000
rep2	6400000	7783	7564	94069.0	12.0864705127	1000
rep2	6450000	7766	7518	92893.0	11.9614988411	1000
rep2	6500000	7749	7502	91592.0	11.8198477223	1000
rep2	6550000	7732	7477	90054.0	11.6469218831	1000
rep2	6600000	7715	7454	89676.0	11.6235904083	1000
rep2	6650000	7698	7445	88116.0	11.446609509	1000
rep2	6700000	7681	7388	86619.0	11.2770472595	1000
rep2	6750000	7664	7426	86161.0	11.2423016701	1000
rep2	6800000	7647	7372	84628.0	11.066823591	1000
rep2	6850000	7630	7343	83332.0	10.9216251638	1000
rep2	6900000	7613	7342	82290.0	10.8091422567	1000
rep2	6950000	7596	7327	81521.0	10.7320958399	1000
rep2	7000000	7579	7305	80719.0	10.6503496503	1000
rep2	7050000	7562	7254	79540.0	10.5183813806	1000
rep2	7100000	7545	7247	78482.0	10.4018555335	1000
rep2	7150000	7528	7240	77800.0	10.3347502657	1000
rep2	7200000	7511	7241	76822.0	10.2279323659	1000
rep2	7250000	7494	7203	75634.0	10.0926074193	1000
rep2	7300000	7477	7172	74925.0	10.0207302394	1000
rep2	7350000	7460	7139	73814.0	9.89463806971	1000
rep2	7400000	7443	7121	72907.0	9.79537820771	1000
rep2	7450000	7426	7111	72107.0	9.71007271748	1000
rep2	7500000	7409	7095	70920.0	9.57214198947	1000
rep2	7550000	7392	7052	70447.0	9.53016774892	1000
rep2	7600000	7375	7053	69275.0	9.39322033898	1000
rep2	7650000	7358	7025	68803.0	9.35077466703	1000
rep2	7700000	7341	7024	68057.0	9.27080779185	1000
rep2	7750000	7324	6985	67572.0	9.22610595303	1000
rep2	7800000	7307	6976	66626.0	9.11810592582	1000
rep2	7850000	7290	6947	65570.0	8.99451303155	1000
rep2	7900000	7273	6902	64690.0	8.8945414547	1000
rep2	7950000	7256	6875	63853.0	8.8000275634	1000
rep2	8000000	7239	6859	63486.0	8.76999585578	1000
rep2	8050000	7222	6829	62757.0	8.68969814456	1000
rep2	8100000	7205	6840	61426.0	8.52546842471	1000
rep2	8150000	7188	6791	61135.0	8.505147468	1000
rep2	8200000	7171	6775	60387.0	8.42100125506	1000
rep2	8250000	7154	6717	59631.0	8.33533687448	1000
rep2	8300000	7137	6747	59413.0	8.32464620989	1000
rep2	8350000	7120	6698	58626.0	8.23398876404	1000
rep2	8400000	7103	6710	58308.0	8.208925806	1000
rep2	8450000	7086	6650	57394.0	8.09963307931	1000
rep2	8500000	7069	6629	56846.0	8.04159004102	1000
rep2	8550000	7052	6631	56713.0	8.04211571185	1000
rep2	8600000	7035	6627	55887.0	7.94413646055	1000
rep2	8650000	7018	6548	54782.0	7.80592761471	1000
rep2	8700000	7001	6568	54182.0	7.73918011713	1000
rep2	8750000	6984	6519	54121.0	7.74928407789	1000
rep2	8800000	6967	6511	52992.0	7.60614324673	1000
rep2	8850000	6950	6482	52712.0	7.58446043165	1000
rep2	8900000	6933	6476	51470.0	7.42391461128	1000
rep2	8950000	6916	6475	51419.0	7.43478889532	1000
rep2	9000000	6899	6437	50581.0	7.331642267	1000
rep2	9050000	6882	6397	49894.0	7.2499273467	1000
rep2	9100000	6865	6354	49435.0	7.20101966497	1000
rep2	9150000	6848	6350	48537.0	7.08776285047	1000
rep2	9200000	6831	6315	48064.0	7.03615868833	1000
rep2	9250000	6814	6339	47771.0	7.01071323745	1000
rep2	9300000	6797	6294	47295.0	6.95821686038	1000
rep2	9350000	6780	6271	46598.0	6.87286135693	1000
rep2	9400000	6763	6279	46357.0	6.85450243975	1000
rep2	9450000	6746	6220	46030.0	6.8233026979	1000
rep2	9500000	6729	6228	45118.0	6.70500817358	1000
rep2	9550000	6712	6193	44924.0	6.69308700834	1000
rep2	9600000	6695	6182	44650.0	6.66915608663	1000
rep2	9650000	6678	6164	44445.0	6.65543575921	1000
rep2	9700000	6661	6138	43738.0	6.56628133914	1000
rep2	9750000	6644	6101	43662.0	6.5716435882	1000
rep2	9800000	6627	6107	42895.0	6.47276293949	1000
rep2	9850000	6610	6070	42160.0	6.37821482602	1000
rep2	9900000	6593	6051	42451.0	6.43879872592	1000
rep2	9950000	6576	6015	41583.0	6.32344890511	1000
rep2	10000000	6559	6003	41372.0	6.30766885196	1000
rep2	10050000	6542	6008	41367.0	6.32329562825	1000
rep2	10100000	6525	5961	41019.0	6.28643678161	1000
rep2	10150000	6508	5950	40312.0	6.19422249539	1000
rep2	10200000	6491	5939	39976.0	6.15868125096	1000
rep2	10250000	6474	5923	39578.0	6.11337658326	1000
rep2	10300000	6457	5902	38849.0	6.01657116308	1000
rep2	10350000	6440	5888	39041.0	6.06226708075	1000
rep2	10400000	6423	5866	38481.0	5.99112564222	1000
rep2	10450000	6406	5822	37704.0	5.88573212613	1000
rep2	10500000	6389	5856	38027.0	5.95194866176	1000
rep2	10550000	6372	5785	37079.0	5.81905210295	1000
rep2	10600000	6355	5763	37131.0	5.84280094414	1000
rep2	10650000	6338	5749	37029.0	5.84237929946	1000
rep2	10700000	6321	5739	36606.0	5.79117228287	1000
rep2	10750000	6304	5732	36125.0	5.73048857868	1000
rep2	10800000	6287	5717	36137.0	5.74789247654	1000
rep2	10850000	6270	5684	35801.0	5.70988835726	1000
rep2	10900000	6253	5660	35634.0	5.69870462178	1000
rep2	10950000	6236	5660	34890.0	5.59493264913	1000
rep2	11000000	6219	5622	34999.0	5.62775365814	1000
rep2	11050000	6202	5614	34852.0	5.61947758787	1000
rep2	11100000	6185	5596	34617.0	5.59692805174	1000
rep2	11150000	6168	5583	34312.0	5.56290531777	1000
rep2	11200000	6151	5543	33779.0	5.49162737766	1000
rep2	11250000	6134	5521	33503.0	5.46185197261	1000
rep2	11300000	6117	5514	33522.0	5.48013732222	1000
rep2	11350000	6100	5459	32450.0	5.31967213115	1000
rep2	11400000	6083	5452	32643.0	5.36626664475	1000
rep2	11450000	6066	5474	32469.0	5.35262116716	1000
rep2	11500000	6049	5427	32004.0	5.29079186642	1000
rep2	11550000	6032	5421	32086.0	5.31929708223	1000
rep2	11600000	6015	5400	31925.0	5.30756442228	1000
rep2	11650000	5998	5396	31559.0	5.26158719573	1000
rep2	11700000	5981	5360	31368.0	5.2446079251	1000
rep2	11750000	5964	5364	31364.0	5.25888665325	1000
rep2	11800000	5947	5348	30903.0	5.196401547	1000
rep2	11850000	5930	5313	30507.0	5.14451939292	1000
rep2	11900000	5913	5288	30291.0	5.12278031456	1000
rep2	11950000	5896	5269	30435.0	5.16197421981	1000
rep2	12000000	5879	5289	30095.0	5.11906786869	1000
rep2	12050000	5862	5275	30086.0	5.13237802798	1000
rep2	12100000	5845	5212	29619.0	5.06740804106	1000
rep2	12150000	5828	5213	29376.0	5.04049416609	1000
rep2	12200000	5811	5159	29230.0	5.03011529857	1000
rep2	12250000	5794	5203	29064.0	5.01622367967	1000
rep2	12300000	5777	5157	28619.0	4.95395534014	1000
rep2	12350000	5760	5142	28702.0	4.98298611111	1000
rep2	12400000	5743	5100	28414.0	4.94758836845	1000
rep2	12450000	5726	5106	28320.0	4.94586098498	1000
rep2	12500000	5709	5078	28148.0	4.93046067613	1000
rep2	12550000	5692	5065	27782.0	4.88088545327	1000
rep2	12600000	5675	5037	27719.0	4.88440528634	1000
rep2	12650000	5658	5039	27286.0	4.82255213856	1000
rep2	12700000	5641	4994	27381.0	4.85392660876	1000
rep2	12750000	5624	4995	27123.0	4.82272403983	1000
rep2	12800000	5607	4959	26784.0	4.77688603531	1000
rep2	12850000	5590	4946	27085.0	4.84525939177	1000
rep2	12900000	5573	4920	26874.0	4.82217835995	1000
rep2	12950000	5556	4936	26705.0	4.80651547876	1000
rep2	13000000	5539	4876	26309.0	4.7497743275	1000
rep2	13050000	5522	4871	26403.0	4.78141977544	1000
rep2	13100000	5505	4831	25831.0	4.69227974569	1000
rep2	13150000	5488	4822	25580.0	4.6610787172	1000
rep2	13200000	5471	4847	25791.0	4.71412904405	1000
rep2	13250000	5454	4792	25009.0	4.58544187752	1000
rep2	13300000	5437	4789	25217.0	4.63803568144	1000
rep2	13350000	5420	4760	24858.0	4.58634686347	1000
rep2	13400000	5403	4751	25065.0	4.63908939478	1000
rep2	13450000	5386	4738	24809.0	4.60620126253	1000
rep2	13500000	5369	4749	24422.0	4.54870553176	1000
rep2	13550000	5352	4725	24154.0	4.51307922272	1000
rep2	13600000	5335	4708	24156.0	4.52783505155	1000
rep2	13650000	5318	4691	24279.0	4.56543813464	1000
rep2	13700000	5301	4654	23937.0	4.5155631013	1000
rep2	13750000	5284	4611	23657.0	4.4771006813	1000
rep2	13800000	5267	4607	23459.0	4.45395861021	1000
rep2	13850000	5250	4616	23763.0	4.52628571429	1000
rep2	13900000	5233	4584	23236.0	4.44028282056	1000
rep2	13950000	5216	4581	23363.0	4.47910276074	1000
rep2	14000000	5199	4545	23267.0	4.47528370841	1000
rep2	14050000	5182	4528	22881.0	4.41547664994	1000
rep2	14100000	5165	4531	23053.0	4.4633107454	1000
rep2	14150000	5148	4484	23034.0	4.47435897436	1000
rep2	14200000	5131	4472	22472.0	4.37965308907	1000
rep2	14250000	5114	4507	22704.0	4.43957763004	1000
rep2	14300000	5097	4462	22449.0	4.40435550324	1000
rep2	14350000	5080	4451	22341.0	4.39783464567	1000
rep2	14400000	5063	4433	22231.0	4.39087497531	1000
rep2	14450000	5046	4406	22135.0	4.38664288545	1000
rep2	14500000	5029	4399	21906.0	4.35593557367	1000
rep2	14550000	5012	4379	21812.0	4.35195530726	1000
rep2	14600000	4995	4389	21600.0	4.32432432432	1000
rep2	14650000	4978	4345	21657.0	4.3505423865	1000
rep2	14700000	4961	4339	21662.0	4.36645837533	1000
rep2	14750000	4944	4310	21431.0	4.33474919094	1000
rep2	14800000	4927	4291	21463.0	4.3562005277	1000
rep2	14850000	4910	4317	21438.0	4.36619144603	1000
rep2	14900000	4893	4300	21128.0	4.31800531371	1000
rep2	14950000	4876	4302	21129.0	4.33326497129	1000
rep2	15000000	4859	4226	20857.0	4.29244700556	1000
rep2	15050000	4842	4255	20773.0	4.29016935151	1000
rep2	15100000	4825	4203	20774.0	4.30549222798	1000
rep2	15150000	4808	4194	20828.0	4.33194675541	1000
rep2	15200000	4791	4200	20498.0	4.2784387393	1000
rep2	15250000	4774	4221	20508.0	4.29576874738	1000
rep2	15300000	4757	4137	20217.0	4.24994744587	1000
rep2	15350000	4740	4165	20157.0	4.25253164557	1000
rep2	15400000	4723	4120	19902.0	4.21384713106	1000
rep2	15450000	4706	4151	20096.0	4.27029324267	1000
rep2	15500000	4689	4100	20016.0	4.26871401152	1000
rep2	15550000	4672	4076	19761.0	4.22966609589	1000
rep2	15600000	4655	4058	19869.0	4.26831364125	1000
rep2	15650000	4638	4059	19680.0	4.24320827943	1000
rep2	15700000	4621	4037	19721.0	4.26769097598	1000
rep2	15750000	4604	4013	19464.0	4.22762814944	1000
rep2	15800000	4587	4008	19333.0	4.21473730107	1000
rep2	15850000	4570	4018	19696.0	4.30984682713	1000
rep2	15900000	4553	4006	19402.0	4.26136613222	1000
rep2	15950000	4536	3945	19085.0	4.20745149912	1000
rep2	16000000	4519	3940	19125.0	4.23213100243	1000
rep2	16050000	4502	3967	19006.0	4.22167925367	1000
rep2	16100000	4485	3929	19165.0	4.27313266444	1000
rep2	16150000	4468	3915	18878.0	4.22515666965	1000
rep2	16200000	4451	3890	18697.0	4.20062907212	1000
rep2	16250000	4434	3915	18791.0	4.23793414524	1000
rep2	16300000	4417	3880	18834.0	4.26398007698	1000
rep2	16350000	4400	3889	18718.0	4.25409090909	1000
rep2	16400000	4383	3866	19059.0	4.34839151266	1000
rep2	16450000	4366	3846	18738.0	4.29180027485	1000
rep2	16500000	4349	3803	18587.0	4.27385605886	1000
rep2	16550000	4332	3784	18481.0	4.2661588181	1000
rep2	16600000	4315	3807	18469.0	4.28018539977	1000
rep2	16650000	4298	3801	18887.0	4.39436947417	1000
rep2	16700000	4281	3758	18516.0	4.32515767344	1000
rep2	16750000	4264	3726	18560.0	4.35272045028	1000
rep2	16800000	4247	3717	18315.0	4.31245585119	1000
rep2	16850000	4230	3699	18047.0	4.26643026005	1000
rep2	16900000	4213	3706	18074.0	4.29005459293	1000
rep2	16950000	4196	3675	18246.0	4.3484270734	1000
rep2	17000000	4179	3664	18040.0	4.31682220627	1000
rep2	17050000	4162	3627	18043.0	4.33517539644	1000
rep2	17100000	4145	3611	17681.0	4.2656212304	1000
rep2	17150000	4128	3628	18012.0	4.36337209302	1000
rep2	17200000	4111	3640	17845.0	4.34079299441	1000
rep2	17250000	4094	3628	17895.0	4.37103077675	1000
rep2	17300000	4077	3572	17348.0	4.25508952661	1000
rep2	17350000	4060	3563	17510.0	4.31280788177	1000
rep2	17400000	4043	3541	17167.0	4.24610437794	1000
rep2	17450000	4026	3514	17187.0	4.26900149031	1000
rep2	17500000	4009	3470	17068.0	4.25742080319	1000
rep2	17550000	3992	3487	17264.0	4.3246492986	1000
rep2	17600000	3975	3459	17044.0	4.28779874214	1000
rep2	17650000	3958	3478	17084.0	4.31632137443	1000
rep2	17700000	3941	3466	16998.0	4.31311849784	1000
rep2	17750000	3924	3429	16690.0	4.25331294597	1000
rep2	17800000	3907	3409	16767.0	4.29152802662	1000
rep2	17850000	3890	3389	16828.0	4.32596401028	1000
rep2	17900000	3873	3369	16724.0	4.31809966434	1000
rep2	17950000	3856	3368	16576.0	4.29875518672	1000
rep2	18000000	3839	3365	16453.0	4.28575149779	1000
rep2	18050000	3822	3322	16468.0	4.30873888017	1000
rep2	18100000	3805	3351	16307.0	4.28567674113	1000
rep2	18150000	3788	3307	16157.0	4.26531151003	1000
rep2	18200000	3771	3286	15936.0	4.22593476531	1000
rep2	18250000	3754	3279	16611.0	4.42488012786	1000
rep2	18300000	3737	3240	16118.0	4.31308536259	1000
rep2	18350000	3720	3250	16157.0	4.34327956989	1000
rep2	18400000	3703	3239	16135.0	4.3572778828	1000
rep2	18450000	3686	3209	16005.0	4.34210526316	1000
rep2	18500000	3669	3222	16077.0	4.38184791496	1000
rep2	18550000	3652	3210	15997.0	4.38033953998	1000
rep2	18600000	3635	3182	15902.0	4.37469050894	1000
rep2	18650000	3618	3186	15977.0	4.41597567717	1000
rep2	18700000	3601	3137	15792.0	4.38544848653	1000
rep2	18750000	3584	3155	15811.0	4.41155133929	1000
rep2	18800000	3567	3125	15792.0	4.42724978974	1000
rep2	18850000	3550	3105	15498.0	4.36563380282	1000
rep2	18900000	3533	3086	15522.0	4.39343334277	1000
rep2	18950000	3516	3039	15432.0	4.38907849829	1000
rep2	19000000	3499	3020	15444.0	4.41383252358	1000
rep2	19050000	3482	3016	15300.0	4.3940264216	1000
rep2	19100000	3465	3021	15207.0	4.38874458874	1000
rep2	19150000	3448	3000	14855.0	4.30829466357	1000
rep2	19200000	3431	2995	15111.0	4.40425531915	1000
rep2	19250000	3414	2964	14972.0	4.38547158758	1000
rep2	19300000	3397	2933	14848.0	4.37091551369	1000
rep2	19350000	3380	2914	14788.0	4.37514792899	1000
rep2	19400000	3363	2914	14895.0	4.42908117752	1000
rep2	19450000	3346	2896	14737.0	4.40436341901	1000
rep2	19500000	3329	2907	14711.0	4.41904475819	1000
rep2	19550000	3312	2862	14513.0	4.38194444444	1000
rep2	19600000	3295	2851	14503.0	4.40151745068	1000
rep2	19650000	3278	2855	14570.0	4.44478340451	1000
rep2	19700000	3261	2816	14725.0	4.51548604722	1000
rep2	19750000	3244	2791	14440.0	4.4512946979	1000
rep2	19800000	3227	2794	14555.0	4.51038115897	1000
rep2	19850000	3210	2802	14663.0	4.56791277259	1000
rep2	19900000	3193	2750	14351.0	4.49451926088	1000
rep2	19950000	3176	2733	14341.0	4.51542821159	1000
rep2	20000000	3159	2738	14306.0	4.52864830643	1000
rep2	20050000	3142	2712	14166.0	4.50859325271	1000
rep2	20100000	3125	2717	14082.0	4.50624	1000
rep2	20150000	3108	2673	14190.0	4.56563706564	1000
rep2	20200000	3091	2665	13851.0	4.48107408606	1000
rep2	20250000	3074	2664	13736.0	4.46844502277	1000
rep2	20300000	3057	2623	13821.0	4.52109911678	1000
rep2	20350000	3040	2599	13703.0	4.50756578947	1000
rep2	20400000	3023	2608	13752.0	4.54912338736	1000
rep2	20450000	3006	2598	13558.0	4.51031270792	1000
rep2	20500000	2989	2589	13594.0	4.54800936768	1000
rep2	20550000	2972	2558	13450.0	4.52557200538	1000
rep2	20600000	2955	2543	13210.0	4.4703891709	1000
rep2	20650000	2938	2538	13310.0	4.53029271613	1000
rep2	20700000	2921	2532	13354.0	4.57172201301	1000
rep2	20750000	2904	2524	13541.0	4.66287878788	1000
rep2	20800000	2887	2485	13225.0	4.58087980603	1000
rep2	20850000	2870	2486	13027.0	4.53902439024	1000
rep2	20900000	2853	2456	13056.0	4.57623554154	1000
rep2	20950000	2836	2465	13069.0	4.60825105783	1000
rep2	21000000	2819	2432	12924.0	4.58460446967	1000
rep2	21050000	2802	2434	12899.0	4.60349750178	1000
rep2	21100000	2785	2420	12921.0	4.639497307	1000
rep2	21150000	2768	2412	12784.0	4.61849710983	1000
rep2	21200000	2751	2384	12719.0	4.62340966921	1000
rep2	21250000	2734	2375	12777.0	4.67337234821	1000
rep2	21300000	2717	2342	12488.0	4.5962458594	1000
rep2	21350000	2700	2362	12391.0	4.58925925926	1000
rep2	21400000	2683	2321	12241.0	4.56243011554	1000
rep2	21450000	2666	2320	12232.0	4.58814703676	1000
rep2	21500000	2649	2327	12292.0	4.6402416006	1000
rep2	21550000	2632	2277	12086.0	4.59194528875	1000
rep2	21600000	2615	2271	12031.0	4.60076481836	1000
rep2	21650000	2598	2245	11844.0	4.55889145497	1000
rep2	21700000	2581	2232	11927.0	4.6210771019	1000
rep2	21750000	2564	2227	11853.0	4.6228549142	1000
rep2	21800000	2547	2228	11688.0	4.58892815077	1000
rep2	21850000	2530	2210	11830.0	4.67588932806	1000
rep2	21900000	2513	2164	11608.0	4.61918026263	1000
rep2	21950000	2496	2172	11569.0	4.63501602564	1000
rep2	22000000	2479	2133	11520.0	4.6470350948	1000
rep2	22050000	2462	2154	11622.0	4.72055239643	1000
rep2	22100000	2445	2100	11615.0	4.75051124744	1000
rep2	22150000	2428	2099	11200.0	4.61285008237	1000
rep2	22200000	2411	2125	11262.0	4.67109083368	1000
rep2	22250000	2394	2086	11021.0	4.60359231412	1000
rep2	22300000	2377	2078	11006.0	4.6302061422	1000
rep2	22350000	2360	2041	11028.0	4.67288135593	1000
rep2	22400000	2343	2022	10881.0	4.64404609475	1000
rep2	22450000	2326	2009	10674.0	4.58899398108	1000
rep2	22500000	2309	2017	10803.0	4.6786487657	1000
rep2	22550000	2292	1966	10625.0	4.63568935428	1000
rep2	22600000	2275	1979	10577.0	4.64923076923	1000
rep2	22650000	2258	1954	10593.0	4.69131975199	1000
rep2	22700000	2241	1949	10477.0	4.67514502454	1000
rep2	22750000	2224	1932	10406.0	4.67895683453	1000
rep2	22800000	2207	1895	10410.0	4.71681014952	1000
rep2	22850000	2190	1907	10408.0	4.75251141553	1000
rep2	22900000	2173	1902	10310.0	4.74459272895	1000
rep2	22950000	2156	1860	10211.0	4.73608534323	1000
rep2	23000000	2139	1852	10008.0	4.67882187938	1000
rep2	23050000	2122	1867	10180.0	4.79736098021	1000
rep2	23100000	2105	1815	9992.0	4.74679334917	1000
rep2	23150000	2088	1808	9904.0	4.74329501916	1000
rep2	23200000	2071	1783	9778.0	4.72139063254	1000
rep2	23250000	2054	1784	9742.0	4.7429406037	1000
rep2	23300000	2037	1743	9524.0	4.67550319097	1000
rep2	23350000	2020	1759	9724.0	4.81386138614	1000
rep2	23400000	2003	1710	9412.0	4.69895157264	1000
rep2	23450000	1986	1707	9451.0	4.75881168177	1000
rep2	23500000	1969	1706	9522.0	4.83595733875	1000
rep2	23550000	1952	1698	9418.0	4.82479508197	1000
rep2	23600000	1935	1672	9253.0	4.7819121447	1000
rep2	23650000	1918	1671	9237.0	4.81595411887	1000
rep2	23700000	1901	1628	9262.0	4.87217254077	1000
rep2	23750000	1884	1656	9167.0	4.86571125265	1000
rep2	23800000	1867	1613	9002.0	4.82163899304	1000
rep2	23850000	1850	1606	8637.0	4.66864864865	1000
rep2	23900000	1833	1584	8587.0	4.68466993999	1000
rep2	23950000	1817	1564	8606.0	4.73637864612	1000
rep2	24000000	1801	1550	8250.0	4.58078845086	1000
rep2	24050000	1785	1541	8362.0	4.68459383754	1000
rep2	24100000	1769	1523	8396.0	4.74618428491	1000
rep2	24150000	1753	1505	8235.0	4.69766115231	1000
rep2	24200000	1737	1508	8379.0	4.82383419689	1000
rep2	24250000	1721	1478	8191.0	4.75944218478	1000
rep2	24300000	1705	1479	8320.0	4.87976539589	1000
rep2	24350000	1689	1461	8181.0	4.84369449378	1000
rep2	24400000	1673	1455	7972.0	4.76509264794	1000
rep2	24450000	1657	1463	7961.0	4.80446590223	1000
rep2	24500000	1641	1417	7501.0	4.57099329677	1000
rep2	24550000	1625	1405	7602.0	4.67815384615	1000
rep2	24600000	1610	1398	7471.0	4.64037267081	1000
rep2	24650000	1595	1394	7343.0	4.60376175549	1000
rep2	24700000	1580	1372	7451.0	4.71582278481	1000
rep2	24750000	1565	1346	7232.0	4.62108626198	1000
rep2	24800000	1550	1343	7296.0	4.70709677419	1000
rep2	24850000	1535	1328	7163.0	4.6664495114	1000
rep2	24900000	1520	1321	7121.0	4.68486842105	1000
rep2	24950000	1505	1309	7113.0	4.72624584718	1000
rep2	25000000	1490	1281	6991.0	4.69194630872	1000
rep2	25050000	1475	1297	6924.0	4.69423728814	1000
rep2	25100000	1460	1267	6957.0	4.76506849315	1000
rep2	25150000	1445	1256	6702.0	4.63806228374	1000
rep2	25200000	1430	1249	6707.0	4.69020979021	1000
rep2	25250000	1415	1241	6667.0	4.71166077739	1000
rep2	25300000	1400	1202	6383.0	4.55928571429	1000
rep2	25350000	1385	1201	6500.0	4.69314079422	1000
rep2	25400000	1370	1182	6478.0	4.72846715328	1000
rep2	25450000	1355	1193	6367.0	4.69889298893	1000
rep2	25500000	1340	1152	6344.0	4.73432835821	1000
rep2	25550000	1325	1137	6102.0	4.60528301887	1000
rep2	25600000	1310	1134	6170.0	4.70992366412	1000
rep2	25650000	1295	1131	6146.0	4.74594594595	1000
rep2	25700000	1280	1106	5909.0	4.61640625	1000
rep2	25750000	1266	1083	5931.0	4.68483412322	1000
rep2	25800000	1252	1095	5883.0	4.69888178914	1000
rep2	25850000	1238	1076	5990.0	4.83844911147	1000
rep2	25900000	1224	1077	5930.0	4.84477124183	1000
rep2	25950000	1210	1041	5896.0	4.87272727273	1000
rep2	26000000	1196	1037	5802.0	4.85117056856	1000
rep2	26050000	1182	1019	5844.0	4.94416243655	1000
rep2	26100000	1168	996	5676.0	4.8595890411	1000
rep2	26150000	1154	995	5665.0	4.90901213172	1000
rep2	26200000	1140	994	5727.0	5.02368421053	1000
rep2	26250000	1126	967	5624.0	4.9946714032	1000
rep2	26300000	1112	968	5281.0	4.74910071942	1000
rep2	26350000	1099	965	5217.0	4.74704276615	1000
rep2	26400000	1087	959	4996.0	4.59613615455	1000
rep2	26450000	1076	925	4740.0	4.40520446097	1000
rep2	26500000	1065	926	4680.0	4.39436619718	1000
rep2	26550000	1055	922	4663.0	4.41990521327	1000
rep2	26600000	1045	892	4539.0	4.34354066986	1000
rep2	26650000	1035	893	4547.0	4.39323671498	1000
rep2	26700000	1025	890	4610.0	4.49756097561	1000
rep2	26750000	1015	874	4420.0	4.35467980296	1000
rep2	26800000	1005	875	4488.0	4.46567164179	1000
merged	50000	9942	9918	21518349.0	2164.38835244	1000
merged	100000	9925	9898	10649961.0	1073.04392947	1000
merged	150000	9908	9884	7202147.0	726.902200242	1000
merged	200000	9891	9862	5371536.0	543.073096755	1000
merged	250000	9874	9849	4240801.0	429.491695362	1000
merged	300000	9857	9831	3484083.0	353.462818302	1000
merged	350000	9840	9816	2951507.0	299.949898374	1000
merged	400000	9823	9799	2557110.0	260.318639927	1000
merged	450000	9806	9783	2256122.0	230.075667958	1000
merged	500000	9789	9765	2015550.0	205.899479007	1000
merged	550000	9772	9744	1828116.0	187.076954564	1000
merged	600000	9755	9724	1670867.0	171.283136853	1000
merged	650000	9738	9709	1541648.0	158.312589854	1000
merged	700000	9721	9694	1431282.0	147.236086822	1000
merged	750000	9704	9675	1337689.0	137.849237428	1000
merged	800000	9687	9655	1254984.0	129.553422112	1000
merged	850000	9670	9639	1183643.0	122.403619442	1000
merged	900000	9653	9620	1122977.0	116.334507407	1000
merged	950000	9636	9608	1066212.0	110.648816936	1000
merged	1000000	9619	9590	1016094.0	105.634057594	1000
merged	1050000	9602	9574	972308.0	101.260987294	1000
merged	1100000	9585	9559	934276.0	97.4727177882	1000
merged	1150000	9568	9541	896428.0	93.6902173913	1000
merged	1200000	9551	9527	865615.0	90.6308239975	1000
merged	1250000	9534	9508	835250.0	87.6075099643	1000
merged	1300000	9517	9486	806829.0	84.7776610276	1000
merged	1350000	9500	9467	784070.0	82.5336842105	1000
merged	1400000	9483	9454	762289.0	80.3847938416	1000
merged	1450000	9466	9436	738023.0	77.9656665962	1000
merged	1500000	9449	9418	717858.0	75.9718488729	1000
merged	1550000	9432	9400	702252.0	74.4541984733	1000
merged	1600000	9415	9388	683167.0	72.5615507169	1000
merged	1650000	9398	9364	664368.0	70.6924877634	1000
merged	1700000	9381	9351	648668.0	69.1469992538	1000
merged	1750000	9364	9334	635511.0	67.8674711662	1000
merged	1800000	9347	9315	621539.0	66.4960950037	1000
merged	1850000	9330	9295	610945.0	65.4817792069	1000
merged	1900000	9313	9282	597611.0	64.1695479437	1000
merged	1950000	9296	9261	587510.0	63.2003012048	1000
merged	2000000	9279	9243	575047.0	61.9729496713	1000
merged	2050000	9262	9225	565617.0	61.0685597063	1000
merged	2100000	9245	9209	555659.0	60.1037317469	1000
merged	2150000	9228	9196	544738.0	59.0309926311	1000
merged	2200000	9211	9172	535896.0	58.1800021713	1000
merged	2250000	9194	9161	524508.0	57.0489449641	1000
merged	2300000	9177	9143	516319.0	56.2622861502	1000
merged	2350000	9160	9128	505900.0	55.2292576419	1000
merged	2400000	9143	9106	498606.0	54.5341791535	1000
merged	2450000	9126	9089	490977.0	53.7998027613	1000
merged	2500000	9109	9073	483234.0	53.0501701614	1000
merged	2550000	9092	9053	475179.0	52.2634183898	1000
merged	2600000	9075	9042	468036.0	51.574214876	1000
merged	2650000	9058	9019	461601.0	50.9605873261	1000
merged	2700000	9041	9009	453205.0	50.1277513549	1000
merged	2750000	9024	8981	445910.0	49.413785461	1000
merged	2800000	9007	8968	439676.0	48.8149217275	1000
merged	2850000	8990	8945	431761.0	48.026807564	1000
merged	2900000	8973	8936	426544.0	47.5363869386	1000
merged	2950000	8956	8915	421357.0	47.0474542206	1000
merged	3000000	8939	8893	414718.0	46.3942275422	1000
merged	3050000	8922	8887	409708.0	45.9210939251	1000
merged	3100000	8905	8865	404504.0	45.4243683324	1000
merged	3150000	8888	8843	397907.0	44.7690144014	1000
merged	3200000	8871	8826	394445.0	44.4645474016	1000
merged	3250000	8854	8811	389002.0	43.9351705444	1000
merged	3300000	8837	8793	383263.0	43.3702614009	1000
merged	3350000	8820	8767	378358.0	42.8977324263	1000
merged	3400000	8803	8757	374016.0	42.4873338635	1000
merged	3450000	8786	8743	368724.0	41.9672205782	1000
merged	3500000	8769	8717	364317.0	41.5460143688	1000
merged	3550000	8752	8700	358400.0	40.9506398537	1000
merged	3600000	8735	8683	354823.0	40.6208357184	1000
merged	3650000	8718	8658	349791.0	40.1228492774	1000
merged	3700000	8701	8650	346247.0	39.793931732	1000
merged	3750000	8684	8631	341341.0	39.3068862275	1000
merged	3800000	8667	8606	337113.0	38.8961578401	1000
merged	3850000	8650	8594	333575.0	38.563583815	1000
merged	3900000	8633	8577	330958.0	38.3363836442	1000
merged	3950000	8616	8573	325700.0	37.8017641597	1000
merged	4000000	8599	8559	321133.0	37.3453889987	1000
merged	4050000	8582	8524	318496.0	37.1120950827	1000
merged	4100000	8565	8510	314055.0	36.6672504378	1000
merged	4150000	8548	8501	310270.0	36.297379504	1000
merged	4200000	8531	8472	306995.0	35.9858164342	1000
merged	4250000	8514	8463	302444.0	35.5231383603	1000
merged	4300000	8497	8441	300061.0	35.3137577969	1000
merged	4350000	8480	8420	297064.0	35.0311320755	1000
merged	4400000	8463	8405	291836.0	34.4837528063	1000
merged	4450000	8446	8393	289969.0	34.3321098745	1000
merged	4500000	8429	8372	285880.0	33.916241547	1000
merged	4550000	8412	8359	283944.0	33.754636234	1000
merged	4600000	8395	8332	280302.0	33.3891602144	1000
merged	4650000	8378	8315	276519.0	33.0053712103	1000
merged	4700000	8361	8297	273159.0	32.670613563	1000
merged	4750000	8344	8281	269277.0	32.2719319271	1000
merged	4800000	8327	8273	267680.0	32.1460309835	1000
merged	4850000	8310	8255	264512.0	31.8305655836	1000
merged	4900000	8293	8221	261052.0	31.4785964066	1000
merged	4950000	8276	8215	258798.0	31.2709038183	1000
merged	5000000	8259	8197	255868.0	30.9805061145	1000
merged	5050000	8242	8182	253367.0	30.7409609318	1000
merged	5100000	8225	8165	249851.0	30.3770212766	1000
merged	5150000	8208	8142	247064.0	30.1003898635	1000
merged	5200000	8191	8129	243874.0	29.7734098401	1000
merged	5250000	8174	8111	241979.0	29.6034988989	1000
merged	5300000	8157	8095	239369.0	29.3452249602	1000
merged	5350000	8140	8072	235812.0	28.9695331695	1000
merged	5400000	8123	8062	232458.0	28.6172596331	1000
merged	5450000	8106	8044	230832.0	28.4766839378	1000
merged	5500000	8089	8017	228280.0	28.2210409198	1000
merged	5550000	8072	8006	225649.0	27.9545341923	1000
merged	5600000	8055	7991	222107.0	27.57380509	1000
merged	5650000	8038	7959	219547.0	27.3136352326	1000
merged	5700000	8021	7948	216848.0	27.0350330383	1000
merged	5750000	8004	7917	214377.0	26.7837331334	1000
merged	5800000	7987	7912	212111.0	26.557030174	1000
merged	5850000	7970	7896	209293.0	26.2601003764	1000
merged	5900000	7953	7876	206665.0	25.9857915252	1000
merged	5950000	7936	7869	205722.0	25.9226310484	1000
merged	6000000	7919	7840	203900.0	25.7482005304	1000
merged	6050000	7902	7830	201245.0	25.4676031384	1000
merged	6100000	7885	7804	198580.0	25.184527584	1000
merged	6150000	7868	7785	196172.0	24.93289273	1000
merged	6200000	7851	7775	194158.0	24.7303528213	1000
merged	6250000	7834	7749	192701.0	24.5980342099	1000
merged	6300000	7817	7732	189207.0	24.2045541768	1000
merged	6350000	7800	7712	186448.0	23.9035897436	1000
merged	6400000	7783	7692	185036.0	23.7743800591	1000
merged	6450000	7766	7674	182518.0	23.5021890291	1000
merged	6500000	7749	7661	180012.0	23.2303523035	1000
merged	6550000	7732	7646	177770.0	22.9914640455	1000
merged	6600000	7715	7638	176441.0	22.8698639015	1000
merged	6650000	7698	7592	173432.0	22.5294881787	1000
merged	6700000	7681	7576	171852.0	22.3736492644	1000
merged	6750000	7664	7581	169549.0	22.1227818372	1000
merged	6800000	7647	7553	167167.0	21.8604681574	1000
merged	6850000	7630	7535	165566.0	21.699344692	1000
merged	6900000	7613	7520	163462.0	21.4714304479	1000
merged	6950000	7596	7506	161478.0	21.2582938389	1000
merged	7000000	7579	7493	160251.0	21.1440823328	1000
merged	7050000	7562	7468	157690.0	20.8529489553	1000
merged	7100000	7545	7436	155386.0	20.5945659377	1000
merged	7150000	7528	7410	154211.0	20.484989373	1000
merged	7200000	7511	7428	152606.0	20.3176674211	1000
merged	7250000	7494	7385	150898.0	20.1358420069	1000
merged	7300000	7477	7366	148903.0	19.9148054032	1000
merged	7350000	7460	7338	147057.0	19.7127345845	1000
merged	7400000	7443	7328	145247.0	19.5145774553	1000
merged	7450000	7426	7316	143755.0	19.3583355777	1000
merged	7500000	7409	7298	141599.0	19.1117559725	1000
merged	7550000	7392	7273	140678.0	19.0311147186	1000
merged	7600000	7375	7255	138489.0	18.7781694915	1000
merged	7650000	7358	7239	137213.0	18.648138081	1000
merged	7700000	7341	7226	136091.0	18.5384824956	1000
merged	7750000	7324	7192	135389.0	18.4856635718	1000
merged	7800000	7307	7189	133069.0	18.2111673738	1000
merged	7850000	7290	7159	130440.0	17.8930041152	1000
merged	7900000	7273	7150	129527.0	17.8092946515	1000
merged	7950000	7256	7131	128380.0	17.6929437707	1000
merged	8000000	7239	7104	126814.0	17.5181654925	1000
merged	8050000	7222	7091	125754.0	17.4126280809	1000
merged	8100000	7205	7066	123923.0	17.1995836225	1000
merged	8150000	7188	7030	122981.0	17.1092097941	1000
merged	8200000	7171	7024	121536.0	16.9482638405	1000
merged	8250000	7154	6997	120104.0	16.7883701426	1000
merged	8300000	7137	6987	119543.0	16.7497547989	1000
merged	8350000	7120	6960	118248.0	16.6078651685	1000
merged	8400000	7103	6947	117164.0	16.4950021118	1000
merged	8450000	7086	6913	115134.0	16.2480948349	1000
merged	8500000	7069	6916	114513.0	16.1993209789	1000
merged	8550000	7052	6907	113738.0	16.1284741917	1000
merged	8600000	7035	6882	112566.0	16.0008528785	1000
merged	8650000	7018	6871	110291.0	15.715445996	1000
merged	8700000	7001	6847	109738.0	15.6746179117	1000
merged	8750000	6984	6810	109169.0	15.6313001145	1000
merged	8800000	6967	6785	107031.0	15.3625663844	1000
merged	8850000	6950	6779	106256.0	15.2886330935	1000
merged	8900000	6933	6751	104473.0	15.0689456224	1000
merged	8950000	6916	6753	103923.0	15.0264603817	1000
merged	9000000	6899	6729	102190.0	14.8122916365	1000
merged	9050000	6882	6719	101120.0	14.6934030805	1000
merged	9100000	6865	6658	100083.0	14.5787327021	1000
merged	9150000	6848	6649	99123.0	14.4747371495	1000
merged	9200000	6831	6647	98326.0	14.3940857854	1000
merged	9250000	6814	6639	96847.0	14.2129439389	1000
merged	9300000	6797	6612	96375.0	14.1790495807	1000
merged	9350000	6780	6587	95012.0	14.0135693215	1000
merged	9400000	6763	6576	94403.0	13.9587461186	1000
merged	9450000	6746	6545	93389.0	13.8436110288	1000
merged	9500000	6729	6534	92117.0	13.6895526824	1000
merged	9550000	6712	6517	91729.0	13.6664183552	1000
merged	9600000	6695	6499	91035.0	13.5974607916	1000
merged	9650000	6678	6481	90095.0	13.4913147649	1000
merged	9700000	6661	6442	89102.0	13.3766701696	1000
merged	9750000	6644	6439	88894.0	13.3795906081	1000
merged	9800000	6627	6412	87759.0	13.2426437302	1000
merged	9850000	6610	6416	86553.0	13.0942511346	1000
merged	9900000	6593	6400	86492.0	13.1187623237	1000
merged	9950000	6576	6368	85471.0	12.9974148418	1000
merged	10000000	6559	6352	84597.0	12.8978502821	1000
merged	10050000	6542	6339	84541.0	12.9228064812	1000
merged	10100000	6525	6319	83860.0	12.8521072797	1000
merged	10150000	6508	6294	82462.0	12.6708666257	1000
merged	10200000	6491	6265	82062.0	12.6424279772	1000
merged	10250000	6474	6270	80994.0	12.5106580167	1000
merged	10300000	6457	6233	79816.0	12.3611584327	1000
merged	10350000	6440	6227	79875.0	12.4029503106	1000
merged	10400000	6423	6211	79105.0	12.3158959988	1000
merged	10450000	6406	6190	77349.0	12.0744614424	1000
merged	10500000	6389	6174	78079.0	12.2208483331	1000
merged	10550000	6372	6135	76494.0	12.0047080979	1000
merged	10600000	6355	6131	76362.0	12.0160503541	1000
merged	10650000	6338	6118	75998.0	11.9908488482	1000
merged	10700000	6321	6099	75035.0	11.8707482993	1000
merged	10750000	6304	6075	74796.0	11.8648477157	1000
merged	10800000	6287	6062	74020.0	11.7735008748	1000
merged	10850000	6270	6044	73865.0	11.7807017544	1000
merged	10900000	6253	6010	73371.0	11.7337278107	1000
merged	10950000	6236	5989	72575.0	11.6380692752	1000
merged	11000000	6219	5994	72152.0	11.6018652516	1000
merged	11050000	6202	5960	71698.0	11.5604643663	1000
merged	11100000	6185	5948	71237.0	11.5177041229	1000
merged	11150000	6168	5920	70381.0	11.4106679637	1000
merged	11200000	6151	5922	69676.0	11.3275890099	1000
merged	11250000	6134	5899	69272.0	11.293120313	1000
merged	11300000	6117	5884	68834.0	11.2529017492	1000
merged	11350000	6100	5849	67628.0	11.086557377	1000
merged	11400000	6083	5823	68033.0	11.1841196778	1000
merged	11450000	6066	5818	67312.0	11.0966040224	1000
merged	11500000	6049	5790	66599.0	11.0099189949	1000
merged	11550000	6032	5789	66350.0	10.999668435	1000
merged	11600000	6015	5743	65919.0	10.9591022444	1000
merged	11650000	5998	5742	65394.0	10.9026342114	1000
merged	11700000	5981	5726	64994.0	10.8667446915	1000
merged	11750000	5964	5708	64617.0	10.8345070423	1000
merged	11800000	5947	5712	63950.0	10.7533210022	1000
merged	11850000	5930	5689	63156.0	10.6502529511	1000
merged	11900000	5913	5666	63093.0	10.6702181634	1000
merged	11950000	5896	5645	62755.0	10.6436567164	1000
merged	12000000	5879	5645	62420.0	10.6174519476	1000
merged	12050000	5862	5621	62041.0	10.5835892187	1000
merged	12100000	5845	5587	61214.0	10.4728828058	1000
merged	12150000	5828	5590	60806.0	10.4334248456	1000
merged	12200000	5811	5563	60769.0	10.4575804509	1000
merged	12250000	5794	5548	60388.0	10.4225060407	1000
merged	12300000	5777	5520	59599.0	10.3166003116	1000
merged	12350000	5760	5518	59534.0	10.3357638889	1000
merged	12400000	5743	5500	58904.0	10.2566602821	1000
merged	12450000	5726	5485	58980.0	10.3003842124	1000
merged	12500000	5709	5450	58390.0	10.2277106323	1000
merged	12550000	5692	5417	57899.0	10.1719957836	1000
merged	12600000	5675	5411	57621.0	10.1534801762	1000
merged	12650000	5658	5396	56821.0	10.0425945564	1000
merged	12700000	5641	5377	56948.0	10.0953731608	1000
merged	12750000	5624	5369	56372.0	10.0234708393	1000
merged	12800000	5607	5323	55999.0	9.987337257	1000
merged	12850000	5590	5330	56107.0	10.0370304114	1000
merged	12900000	5573	5308	55277.0	9.91871523416	1000
merged	12950000	5556	5303	55208.0	9.93664506839	1000
merged	13000000	5539	5264	54933.0	9.91749413251	1000
merged	13050000	5522	5249	54500.0	9.86961245925	1000
merged	13100000	5505	5244	53899.0	9.79091734787	1000
merged	13150000	5488	5224	53376.0	9.72594752187	1000
merged	13200000	5471	5198	53378.0	9.7565344544	1000
merged	13250000	5454	5167	52294.0	9.58819215255	1000
merged	13300000	5437	5167	52243.0	9.60879161302	1000
merged	13350000	5420	5146	51782.0	9.55387453875	1000
merged	13400000	5403	5135	51955.0	9.61595409957	1000
merged	13450000	5386	5113	51570.0	9.57482361678	1000
merged	13500000	5369	5095	50832.0	9.46768485752	1000
merged	13550000	5352	5101	50517.0	9.43890134529	1000
merged	13600000	5335	5082	50187.0	9.40712277413	1000
merged	13650000	5318	5069	50150.0	9.43023693118	1000
merged	13700000	5301	5014	49405.0	9.31993963403	1000
merged	13750000	5284	5010	49168.0	9.30507191522	1000
merged	13800000	5267	4999	49004.0	9.30396810328	1000
merged	13850000	5250	4992	49366.0	9.40304761905	1000
merged	13900000	5233	4967	48674.0	9.30135677432	1000
merged	13950000	5216	4964	48373.0	9.27396472393	1000
merged	14000000	5199	4940	48313.0	9.2927486055	1000
merged	14050000	5182	4929	47656.0	9.19644924739	1000
merged	14100000	5165	4894	48004.0	9.29409486931	1000
merged	14150000	5148	4879	47647.0	9.25543900544	1000
merged	14200000	5131	4870	46974.0	9.1549405574	1000
merged	14250000	5114	4853	47083.0	9.20668752444	1000
merged	14300000	5097	4819	46781.0	9.17814400628	1000
merged	14350000	5080	4820	46478.0	9.14921259843	1000
merged	14400000	5063	4803	46154.0	9.1159391665	1000
merged	14450000	5046	4799	46030.0	9.12207689259	1000
merged	14500000	5029	4768	45837.0	9.11453569298	1000
merged	14550000	5012	4754	45336.0	9.04549082203	1000
merged	14600000	4995	4743	44894.0	8.98778778779	1000
merged	14650000	4978	4705	44924.0	9.02450783447	1000
merged	14700000	4961	4726	45025.0	9.07579117113	1000
merged	14750000	4944	4681	44528.0	9.00647249191	1000
merged	14800000	4927	4667	44729.0	9.07834381977	1000
merged	14850000	4910	4692	44478.0	9.05865580448	1000
merged	14900000	4893	4670	43730.0	8.93725730636	1000
merged	14950000	4876	4636	43647.0	8.95139458573	1000
merged	15000000	4859	4609	43318.0	8.91500308705	1000
merged	15050000	4842	4594	43066.0	8.89425857084	1000
merged	15100000	4825	4596	43046.0	8.9214507772	1000
merged	15150000	4808	4590	42969.0	8.93698003328	1000
merged	15200000	4791	4556	42538.0	8.87873095387	1000
merged	15250000	4774	4551	42326.0	8.8659405111	1000
merged	15300000	4757	4537	42191.0	8.86924532268	1000
merged	15350000	4740	4503	42073.0	8.87616033755	1000
merged	15400000	4723	4504	41819.0	8.85432987508	1000
merged	15450000	4706	4490	41916.0	8.90692732682	1000
merged	15500000	4689	4464	41394.0	8.82789507358	1000
merged	15550000	4672	4452	41118.0	8.80094178082	1000
merged	15600000	4655	4424	41145.0	8.83888292159	1000
merged	15650000	4638	4421	40800.0	8.79689521345	1000
merged	15700000	4621	4398	40477.0	8.75935944601	1000
merged	15750000	4604	4381	40385.0	8.77172024327	1000
merged	15800000	4587	4374	40245.0	8.77370830608	1000
merged	15850000	4570	4348	40870.0	8.94310722101	1000
merged	15900000	4553	4331	39943.0	8.77289699099	1000
merged	15950000	4536	4320	39691.0	8.75022045855	1000
merged	16000000	4519	4299	39464.0	8.73290551007	1000
merged	16050000	4502	4316	39649.0	8.80697467792	1000
merged	16100000	4485	4277	39420.0	8.78929765886	1000
merged	16150000	4468	4249	39128.0	8.75738585497	1000
merged	16200000	4451	4238	38816.0	8.72073691305	1000
merged	16250000	4434	4256	39021.0	8.80040595399	1000
merged	16300000	4417	4227	38839.0	8.79307222096	1000
merged	16350000	4400	4203	38425.0	8.73295454545	1000
merged	16400000	4383	4187	39047.0	8.9087383071	1000
merged	16450000	4366	4164	38778.0	8.88181401741	1000
merged	16500000	4349	4118	38438.0	8.83835364452	1000
merged	16550000	4332	4120	38274.0	8.8351800554	1000
merged	16600000	4315	4126	38196.0	8.85191193511	1000
merged	16650000	4298	4117	38501.0	8.95788738948	1000
merged	16700000	4281	4080	38012.0	8.87923382387	1000
merged	16750000	4264	4052	38009.0	8.91393058161	1000
merged	16800000	4247	4041	37682.0	8.87261596421	1000
merged	16850000	4230	4037	37123.0	8.77612293144	1000
merged	16900000	4213	4041	37142.0	8.81604557323	1000
merged	16950000	4196	4004	37350.0	8.90133460439	1000
merged	17000000	4179	3969	37067.0	8.86982531706	1000
merged	17050000	4162	3955	36895.0	8.86472849592	1000
merged	17100000	4145	3944	36515.0	8.80940892642	1000
merged	17150000	4128	3939	36745.0	8.90140503876	1000
merged	17200000	4111	3931	36651.0	8.91534906349	1000
merged	17250000	4094	3915	36635.0	8.94846116268	1000
merged	17300000	4077	3894	35895.0	8.804267844	1000
merged	17350000	4060	3872	35827.0	8.82438423645	1000
merged	17400000	4043	3864	35311.0	8.73386099431	1000
merged	17450000	4026	3819	35516.0	8.8216592151	1000
merged	17500000	4009	3797	35121.0	8.76053878773	1000
merged	17550000	3992	3806	35223.0	8.82339679359	1000
merged	17600000	3975	3777	34998.0	8.80452830189	1000
merged	17650000	3958	3749	35177.0	8.88756947954	1000
merged	17700000	3941	3735	34773.0	8.82339507739	1000
merged	17750000	3924	3733	34296.0	8.74006116208	1000
merged	17800000	3907	3701	34280.0	8.77399539288	1000
merged	17850000	3890	3693	34382.0	8.83856041131	1000
merged	17900000	3873	3663	34278.0	8.85050348567	1000
merged	17950000	3856	3674	33892.0	8.78941908714	1000
merged	18000000	3839	3673	33895.0	8.82912216723	1000
merged	18050000	3822	3637	33714.0	8.82103610675	1000
merged	18100000	3805	3623	33383.0	8.77345597898	1000
merged	18150000	3788	3604	33223.0	8.77059134108	1000
merged	18200000	3771	3577	33070.0	8.76955714665	1000
merged	18250000	3754	3571	33554.0	8.93819925413	1000
merged	18300000	3737	3542	32944.0	8.8156275087	1000
merged	18350000	3720	3529	33085.0	8.8938172043	1000
merged	18400000	3703	3532	32737.0	8.84066972725	1000
merged	18450000	3686	3500	32486.0	8.8133478025	1000
merged	18500000	3669	3504	32607.0	8.88716271464	1000
merged	18550000	3652	3461	32200.0	8.81708652793	1000
merged	18600000	3635	3453	32382.0	8.90839064649	1000
merged	18650000	3618	3448	32580.0	9.00497512438	1000
merged	18700000	3601	3410	31888.0	8.85531796723	1000
merged	18750000	3584	3402	32141.0	8.96791294643	1000
merged	18800000	3567	3364	31760.0	8.90384076255	1000
merged	18850000	3550	3367	31474.0	8.86591549296	1000
merged	18900000	3533	3350	31655.0	8.95980752901	1000
merged	18950000	3516	3331	31357.0	8.91837315131	1000
merged	19000000	3499	3302	31277.0	8.93883966848	1000
merged	19050000	3482	3283	30981.0	8.89747271683	1000
merged	19100000	3465	3293	30722.0	8.86637806638	1000
merged	19150000	3448	3250	30171.0	8.7502900232	1000
merged	19200000	3431	3240	30517.0	8.89449140192	1000
merged	19250000	3414	3241	30255.0	8.86203866432	1000
merged	19300000	3397	3199	30196.0	8.88901972329	1000
merged	19350000	3380	3178	30142.0	8.91775147929	1000
merged	19400000	3363	3167	30054.0	8.93666369313	1000
merged	19450000	3346	3171	29771.0	8.89748953975	1000
merged	19500000	3329	3138	29945.0	8.99519375188	1000
merged	19550000	3312	3121	29398.0	8.87620772947	1000
merged	19600000	3295	3115	29616.0	8.98816388467	1000
merged	19650000	3278	3101	29488.0	8.99572910311	1000
merged	19700000	3261	3074	29547.0	9.0607175713	1000
merged	19750000	3244	3067	29185.0	8.99660912454	1000
merged	19800000	3227	3053	29413.0	9.1146575767	1000
merged	19850000	3210	3028	29220.0	9.10280373832	1000
merged	19900000	3193	2991	29041.0	9.09520826809	1000
merged	19950000	3176	2979	29080.0	9.15617128463	1000
merged	20000000	3159	2971	28677.0	9.07787274454	1000
merged	20050000	3142	2960	28508.0	9.0732017823	1000
merged	20100000	3125	2945	28433.0	9.09856	1000
merged	20150000	3108	2929	28374.0	9.12934362934	1000
merged	20200000	3091	2906	27764.0	8.98220640569	1000
merged	20250000	3074	2896	27629.0	8.98796356539	1000
merged	20300000	3057	2867	27659.0	9.04775924109	1000
merged	20350000	3040	2851	27567.0	9.06809210526	1000
merged	20400000	3023	2834	27570.0	9.12007939133	1000
merged	20450000	3006	2830	27265.0	9.07019294744	1000
merged	20500000	2989	2804	27420.0	9.17363666778	1000
merged	20550000	2972	2791	27138.0	9.13122476447	1000
merged	20600000	2955	2775	26698.0	9.03485617597	1000
merged	20650000	2938	2771	26627.0	9.06296800545	1000
merged	20700000	2921	2738	26717.0	9.14652516262	1000
merged	20750000	2904	2729	26883.0	9.25723140496	1000
merged	20800000	2887	2719	26720.0	9.25528229997	1000
merged	20850000	2870	2703	26242.0	9.14355400697	1000
merged	20900000	2853	2679	26328.0	9.22818086225	1000
merged	20950000	2836	2685	26275.0	9.26480959097	1000
merged	21000000	2819	2649	26011.0	9.22703086201	1000
merged	21050000	2802	2648	25702.0	9.1727337616	1000
merged	21100000	2785	2620	25718.0	9.23447037702	1000
merged	21150000	2768	2615	25747.0	9.30166184971	1000
merged	21200000	2751	2589	25341.0	9.21155943293	1000
merged	21250000	2734	2586	25294.0	9.25164594001	1000
merged	21300000	2717	2556	25082.0	9.23150533677	1000
merged	21350000	2700	2553	24926.0	9.23185185185	1000
merged	21400000	2683	2516	24701.0	9.20648527767	1000
merged	21450000	2666	2506	24523.0	9.19842460615	1000
merged	21500000	2649	2491	24481.0	9.241600604	1000
merged	21550000	2632	2503	24161.0	9.1797112462	1000
merged	21600000	2615	2480	24277.0	9.28374760994	1000
merged	21650000	2598	2458	23808.0	9.16397228637	1000
merged	21700000	2581	2437	23890.0	9.25610228594	1000
merged	21750000	2564	2422	23606.0	9.20670826833	1000
merged	21800000	2547	2407	23460.0	9.21083627797	1000
merged	21850000	2530	2392	23641.0	9.3442687747	1000
merged	21900000	2513	2374	23134.0	9.20573020294	1000
merged	21950000	2496	2354	23113.0	9.26001602564	1000
merged	22000000	2479	2324	23225.0	9.36869705526	1000
merged	22050000	2462	2318	23077.0	9.37327376117	1000
merged	22100000	2445	2294	22900.0	9.36605316973	1000
merged	22150000	2428	2293	22514.0	9.2726523888	1000
merged	22200000	2411	2293	22631.0	9.3865615927	1000
merged	22250000	2394	2258	22170.0	9.26065162907	1000
merged	22300000	2377	2239	22025.0	9.26588136306	1000
merged	22350000	2360	2218	22066.0	9.35	1000
merged	22400000	2343	2193	21722.0	9.27102005975	1000
merged	22450000	2326	2186	21510.0	9.24763542562	1000
merged	22500000	2309	2180	21623.0	9.36466002599	1000
merged	22550000	2292	2142	21333.0	9.30759162304	1000
merged	22600000	2275	2143	21170.0	9.30549450549	1000
merged	22650000	2258	2114	21011.0	9.30513728964	1000
merged	22700000	2241	2115	20778.0	9.27175368139	1000
merged	22750000	2224	2096	20777.0	9.34217625899	1000
merged	22800000	2207	2079	20578.0	9.32396918894	1000
merged	22850000	2190	2059	20556.0	9.38630136986	1000
merged	22900000	2173	2050	20680.0	9.51679705476	1000
merged	22950000	2156	2018	20371.0	9.44851576994	1000
merged	23000000	2139	2014	19897.0	9.30201028518	1000
merged	23050000	2122	1993	20168.0	9.50424128181	1000
merged	23100000	2105	1978	19851.0	9.43040380048	1000
merged	23150000	2088	1960	19647.0	9.40948275862	1000
merged	23200000	2071	1948	19535.0	9.43264123612	1000
merged	23250000	2054	1946	19391.0	9.4406037001	1000
merged	23300000	2037	1920	19005.0	9.32989690722	1000
merged	23350000	2020	1892	19263.0	9.53613861386	1000
merged	23400000	2003	1870	18963.0	9.46729905142	1000
merged	23450000	1986	1870	18725.0	9.42849949648	1000
merged	23500000	1969	1853	18947.0	9.62265109192	1000
merged	23550000	1952	1842	18564.0	9.51024590164	1000
merged	23600000	1935	1809	18401.0	9.50956072351	1000
merged	23650000	1918	1803	18041.0	9.40615224192	1000
merged	23700000	1901	1785	18210.0	9.5791688585	1000
merged	23750000	1884	1788	18186.0	9.65286624204	1000
merged	23800000	1867	1751	17901.0	9.5881092662	1000
merged	23850000	1850	1738	17256.0	9.32756756757	1000
merged	23900000	1833	1733	17085.0	9.32078559738	1000
merged	23950000	1817	1712	17040.0	9.37809576225	1000
merged	24000000	1801	1697	16487.0	9.15435868962	1000
merged	24050000	1785	1688	16613.0	9.30700280112	1000
merged	24100000	1769	1668	16573.0	9.36856981345	1000
merged	24150000	1753	1648	16312.0	9.30519110097	1000
merged	24200000	1737	1648	16540.0	9.5221646517	1000
merged	24250000	1721	1617	16250.0	9.44218477629	1000
merged	24300000	1705	1603	16395.0	9.61583577713	1000
merged	24350000	1689	1583	16174.0	9.57608052102	1000
merged	24400000	1673	1586	16032.0	9.58278541542	1000
merged	24450000	1657	1568	15641.0	9.43934821967	1000
merged	24500000	1641	1537	14894.0	9.0761730652	1000
merged	24550000	1625	1539	15083.0	9.28184615385	1000
merged	24600000	1610	1519	14903.0	9.25652173913	1000
merged	24650000	1595	1503	14654.0	9.18746081505	1000
merged	24700000	1580	1490	14670.0	9.28481012658	1000
merged	24750000	1565	1474	14423.0	9.21597444089	1000
merged	24800000	1550	1460	14465.0	9.33225806452	1000
merged	24850000	1535	1444	14347.0	9.34657980456	1000
merged	24900000	1520	1438	14243.0	9.37039473684	1000
merged	24950000	1505	1419	14019.0	9.31495016611	1000
merged	25000000	1490	1400	13845.0	9.29194630872	1000
merged	25050000	1475	1399	13815.0	9.36610169492	1000
merged	25100000	1460	1374	13725.0	9.40068493151	1000
merged	25150000	1445	1366	13257.0	9.17439446367	1000
merged	25200000	1430	1352	13274.0	9.28251748252	1000
merged	25250000	1415	1339	13247.0	9.36183745583	1000
merged	25300000	1400	1327	12785.0	9.13214285714	1000
merged	25350000	1385	1313	12839.0	9.27003610108	1000
merged	25400000	1370	1292	12828.0	9.36350364964	1000
merged	25450000	1355	1293	12499.0	9.22435424354	1000
merged	25500000	1340	1276	12398.0	9.25223880597	1000
merged	25550000	1325	1250	12337.0	9.31094339623	1000
merged	25600000	1310	1236	12267.0	9.3641221374	1000
merged	25650000	1295	1226	12049.0	9.30424710425	1000
merged	25700000	1280	1207	11806.0	9.2234375	1000
merged	25750000	1266	1202	11785.0	9.30884676145	1000
merged	25800000	1252	1189	11768.0	9.39936102236	1000
merged	25850000	1238	1168	11696.0	9.44749596123	1000
merged	25900000	1224	1162	11735.0	9.58741830065	1000
merged	25950000	1210	1142	11498.0	9.50247933884	1000
merged	26000000	1196	1129	11417.0	9.54598662207	1000
merged	26050000	1182	1114	11501.0	9.73011844332	1000
merged	26100000	1168	1099	11118.0	9.51883561644	1000
merged	26150000	1154	1094	11130.0	9.64471403813	1000
merged	26200000	1140	1084	10988.0	9.63859649123	1000
merged	26250000	1126	1058	10998.0	9.76731793961	1000
merged	26300000	1112	1064	10405.0	9.35701438849	1000
merged	26350000	1099	1042	10175.0	9.25841674249	1000
merged	26400000	1087	1033	9754.0	8.97332106716	1000
merged	26450000	1076	1015	9510.0	8.83828996283	1000
merged	26500000	1065	1007	9313.0	8.74460093897	1000
merged	26550000	1055	997	9161.0	8.68341232227	1000
merged	26600000	1045	980	9176.0	8.78086124402	1000
merged	26650000	1035	977	9089.0	8.78164251208	1000
merged	26700000	1025	971	9199.0	8.97463414634	1000
merged	26750000	1015	958	8940.0	8.8078817734	1000
merged	26800000	1005	958	8820.0	8.77611940299	1000
