duplication_type	trajectory	Ka_Ks
TD	Con	0.47659
TD	Con	0.447833
TD	Con	0.0787229
TD	Con	0.539616
TD	Con	0.192888
TD	Con	0.261056
TD	Con	0.311411
TD	Con	0.0146209
TD	Con	1.33597
TD	Con	0.668214
TD	Con	0.551212
TD	Con	0.882243
TD	Con	0.817921
TD	Con	0.263265
TD	Con	0.432682
TD	Con	0.0288525
TD	Con	0.362196
TD	Con	0.61523
TD	Con	0.30599
TD	Con	0.288456
TD	Con	0.63557
TD	Con	2.49076e-12
TD	Con	0.00749545
TD	Con	0.365632
TD	Con	0.346047
TD	Con	0.608204
TD	Con	0.789858
TD	Con	1.26899
TD	Con	0.414832
TD	Con	0.259852
TD	Con	0.156953
TD	Con	0.314734
TD	Con	0.0163872
TD	Con	0.49451
TD	Con	0.739197
TD	Con	0.454126
TD	Con	0.257582
TD	Con	0.135551
TD	Con	0.97477
TD	Con	0.0681921
TD	Con	0.152844
TD	Con	0.185224
TD	Con	0.0
TD	Con	0.00767747
TD	Con	0.606987
TD	Con	0.341038
TD	Con	0.234721
TD	Con	0.466948
TD	Con	0.0807847
TD	Con	0.466959
TD	Con	0.136212
TD	Con	0.354769
TD	Con	0.217967
TD	Con	0.869514
TD	Con	0.34244
TD	Con	0.338524
TD	Con	0.558137
TD	Con	0.317649
TD	Con	0.106665
TD	Con	1.00079e-12
TD	Con	0.0908077
TD	Con	0.289253
TD	Con	0.163369
TD	Con	0.219356
TD	Con	0.0160507
TD	Con	0.528639
TD	Con	0.20365
TD	Con	0.492992
TD	Con	0.234439
TD	Con	0.334071
TD	Con	0.415089
TD	Con	0.264133
TD	Con	0.0609812
TD	Con	0.262639
TD	Con	0.145619
TD	Con	0.179186
TD	Con	0.0709837
TD	Con	0.303616
TD	Con	0.599971
TD	Con	0.250705
TD	Con	1.04099
TD	Con	0.576262
TD	Con	0.287411
TD	Con	0.273873
TD	Con	0.751037
TD	Neo(C)	0.433088
TD	Neo(C)	0.663287
TD	Neo(C)	0.243886
TD	Neo(C)	0.481885
TD	Neo(C)	0.838437
TD	Neo(C)	0.37188
TD	Neo(C)	0.260647
TD	Neo(C)	0.112557
TD	Neo(C)	0.732624
TD	Neo(C)	0.358596
TD	Neo(C)	0.30277
TD	Neo(C)	0.491289
TD	Neo(C)	0.319787
TD	Neo(C)	0.332902
TD	Neo(C)	0.323913
TD	Neo(C)	0.223249
TD	Neo(C)	0.429074
TD	Neo(C)	0.399218
TD	Neo(C)	0.220478
TD	Neo(C)	0.608416
TD	Neo(C)	0.463693
TD	Neo(C)	0.563411
TD	Neo(C)	0.194082
TD	Neo(C)	0.444867
TD	Neo(C)	1.00039
TD	Neo(C)	0.222096
TD	Neo(C)	0.688494
TD	Neo(C)	0.36705
TD	Neo(C)	0.485087
TD	Neo(C)	1.90525
TD	Neo(C)	0.238199
TD	Neo(C)	0.44494
TD	Neo(C)	0.664107
TD	Neo(C)	0.386797
TD	Neo(C)	0.36473
TD	Neo(C)	0.272473
TD	Neo(C)	0.56301
TD	Neo(C)	0.145633
TD	Neo(C)	0.0985462
TD	Neo(C)	0.250836
TD	Neo(C)	0.469434
TD	Neo(C)	0.387844
TD	Neo(C)	0.443932
TD	Neo(C)	0.732701
TD	Neo(C)	0.228119
TD	Neo(C)	0.762772
TD	Neo(C)	0.47457
TD	Neo(C)	0.125415
TD	Neo(P)	0.148889
TD	Neo(P)	0.172308
TD	Neo(P)	0.197635
TD	Neo(P)	0.571936
TD	Neo(P)	0.220593
TD	Neo(P)	0.27107
TD	Neo(P)	0.71938
TD	Neo(P)	0.29429
TD	Neo(P)	0.38449
TD	Neo(P)	0.699907
TD	Neo(P)	0.344094
TD	Neo(P)	0.284379
TD	Neo(P)	0.198358
TD	Neo(P)	0.303418
TD	Neo(P)	0.791036
TD	Neo(P)	1.53576
TD	Neo(P)	0.454773
TD	Neo(P)	0.454222
TD	Neo(P)	0.405097
TD	Neo(P)	0.465192
TD	Neo(P)	0.385388
TD	Neo(P)	0.132092
TD	Neo(P)	0.430926
TD	Neo(P)	2.29066
TD	Neo(P)	0.646021
TD	Neo(P)	0.35428
TD	Neo(P)	0.249604
TD	Neo(P)	0.452396
TD	Neo(P)	0.680099
TD	Neo(P)	0.528221
TD	Neo(P)	0.388073
TD	Neo(P)	0.5077
TD	Spe	1.37496
TD	Spe	0.383867
TD	Spe	0.807524
TD	Spe	0.287792
TD	Spe	0.170127
TD	Spe	0.26241
TD	Spe	0.157207
TD	Spe	0.239924
TD	Spe	0.233791
TD	Spe	0.484501
TD	Spe	1.06368
TD	Spe	0.103122
TD	Spe	0.914838
TD	Spe	0.642696
TD	Spe	0.470178
TD	Spe	0.325697
TD	Spe	1.05144
TD	Spe	0.244709
TD	Spe	0.27458
TD	Spe	0.452954
TD	Spe	0.558797
TD	Spe	0.561971
TD	Spe	0.178951
TD	Spe	0.255591
TD	Spe	0.319444
TD	Spe	0.184638
TD	Spe	0.209366
TD	Spe	1.38226
TD	Spe	1.11942
TD	Spe	0.536721
TD	Spe	0.51485
TD	Spe	0.288204
TD	Spe	0.591067
TD	Spe	0.440677
TD	Spe	0.804237
TD	Spe	0.15599
TD	Spe	0.390328
TD	Spe	0.373033
TD	Spe	0.521522
TD	Spe	0.656056
TD	Spe	0.249741
TD	Spe	0.463793
TD	Spe	0.23177
TD	Spe	0.267875
TD	Spe	0.287881
TD	Spe	0.346151
TD	Spe	0.34553
TD	Spe	0.383756
TD	Spe	0.206177
TD	Spe	0.466773
TD	Spe	0.297087
TD	Spe	0.0889642
TD	Spe	0.364279
TD	Spe	0.445483
TD	Spe	1.40786
TD	Spe	0.278126
TD	Spe	0.314141
TD	Spe	0.311672
TD	Spe	0.861491
TD	Spe	0.305297
TD	Spe	0.42784
TD	Spe	0.171097
TD	Spe	0.409954
TD	Spe	0.0810289
TD	Spe	0.360252
TD	Spe	0.33243
TD	Spe	0.368445
TD	Spe	0.0980084
TD	Spe	0.65558
TD	Spe	0.332448
TD	Spe	0.259313
TD	Spe	0.377677
TD	Spe	0.185375
TD	Spe	0.177567
TD	Spe	0.184536
TD	Spe	0.304307
TD	Spe	0.45312
TD	Spe	0.300601
TD	Spe	0.474669
TD	Spe	0.553164
TD	Spe	0.38186
TD	Spe	0.598956
TD	Spe	0.597092
TD	Spe	0.200861
TD	Spe	0.47749
TD	Spe	0.553433
TD	Spe	1.12547
TD	Spe	0.40384
TD	Spe	0.403318
TD	Spe	0.329394
TD	Spe	0.481855
TD	Spe	0.580765
TD	Spe	0.680709
TD	Spe	0.157733
TD	Spe	1.02083
TD	Spe	0.280022
TD	Spe	0.438774
TD	Spe	0.61743
TD	Spe	0.114095
TD	Spe	0.625442
TD	Spe	0.650617
TD	Spe	0.260273
TD	Spe	0.401201
TD	Spe	0.474931
TD	Spe	0.503606
TD	Spe	0.425151
TD	Spe	0.726274
TD	Spe	0.742184
TD	Spe	0.364116
TD	Spe	0.873972
TD	Spe	0.113784
TD	Spe	0.594609
TD	Spe	0.163335
TD	Spe	0.340731
TD	Spe	0.315402
TD	Spe	0.339695
TD	Spe	0.76244
TD	Spe	0.603382
TD	Spe	1.17491
TD	Spe	0.572936
TD	Spe	0.0837687
TD	Spe	0.589736
TD	Spe	0.487044
TD	Spe	0.964433
TD	Spe	0.0778765
TD	Spe	0.673586
TD	Spe	0.638052
TD	Spe	0.194893
TD	Spe	0.193717
TD	Spe	0.326009
TD	Spe	0.0196755
TD	Spe	1.21936
TD	Spe	0.542335
TD	Spe	0.384824
TD	Spe	0.585414
TD	Spe	0.965126
TD	Spe	0.232693
TD	Spe	0.368773
TD	Spe	0.32262
PD	Con	0.151542
PD	Con	0.380144
PD	Con	0.256155
PD	Con	0.79989
PD	Con	0.306087
PD	Con	0.185309
PD	Con	0.323753
PD	Con	0.0500161
PD	Con	0.427973
PD	Con	0.297525
PD	Con	0.527696
PD	Con	0.361384
PD	Con	0.350075
PD	Con	0.300643
PD	Con	0.18856
PD	Con	3.73388e-13
PD	Con	-3.94549e-14
PD	Con	0.213036
PD	Con	0.303943
PD	Con	0.242594
PD	Con	0.526122
PD	Con	0.0
PD	Con	0.820841
PD	Con	0.645711
PD	Con	1.77028e-13
PD	Con	0.48544
PD	Con	0.627669
PD	Con	0.619879
PD	Con	0.363629
PD	Con	2.25976e-14
PD	Con	0.760513
PD	Con	2.39438e-13
PD	Con	1.89057
PD	Con	0.433084
PD	Con	0.271539
PD	Con	0.359037
PD	Con	1.86863
PD	Con	0.816132
PD	Con	0.446694
PD	Con	0.155035
PD	Con	0.553345
PD	Con	0.48931
PD	Con	0.380269
PD	Con	0.390202
PD	Con	0.342135
PD	Con	0.120931
PD	Con	0.50014
PD	Con	0.414091
PD	Con	0.185585
PD	Con	0.72451
PD	Con	0.82585
PD	Con	0.415179
PD	Con	0.309211
PD	Con	0.662353
PD	Con	0.546915
PD	Con	0.483198
PD	Con	0.5996
PD	Con	0.353429
PD	Con	0.12646
PD	Con	1.33035
PD	Con	0.43961
PD	Neo(C)	0.114714
PD	Neo(C)	0.145516
PD	Neo(C)	0.406488
PD	Neo(C)	0.177972
PD	Neo(C)	0.687067
PD	Neo(C)	0.418872
PD	Neo(C)	0.923057
PD	Neo(C)	2.9376
PD	Neo(C)	0.394236
PD	Neo(C)	1.26514
PD	Neo(C)	0.612255
PD	Neo(C)	0.295934
PD	Neo(C)	0.696536
PD	Neo(C)	0.895429
PD	Neo(C)	0.287694
PD	Neo(C)	0.452889
PD	Neo(C)	0.230584
PD	Neo(C)	0.426282
PD	Neo(C)	0.443254
PD	Neo(C)	0.509806
PD	Neo(C)	1.30409
PD	Neo(C)	0.528257
PD	Neo(C)	0.30731
PD	Neo(P)	0.227706
PD	Neo(P)	0.944736
PD	Neo(P)	0.221904
PD	Neo(P)	0.444367
PD	Neo(P)	0.702994
PD	Neo(P)	0.402559
PD	Neo(P)	0.479461
PD	Neo(P)	1.92
PD	Neo(P)	0.877873
PD	Neo(P)	0.246677
PD	Neo(P)	0.604868
PD	Neo(P)	0.540181
PD	Neo(P)	0.807186
PD	Neo(P)	0.540688
PD	Neo(P)	0.384001
PD	Neo(P)	0.564125
PD	Neo(P)	0.442068
PD	Neo(P)	0.54593
PD	Neo(P)	0.341797
PD	Neo(P)	0.170112
PD	Neo(P)	0.0246001
PD	Spe	0.373949
PD	Spe	0.566459
PD	Spe	1.04129
PD	Spe	0.305911
PD	Spe	0.289131
PD	Spe	0.278651
PD	Spe	0.370821
PD	Spe	1.03175
PD	Spe	0.122488
PD	Spe	0.220248
PD	Spe	0.294148
PD	Spe	0.266581
PD	Spe	0.407442
PD	Spe	0.406207
PD	Spe	0.628069
PD	Spe	0.382829
PD	Spe	0.667445
PD	Spe	0.738227
PD	Spe	0.358276
PD	Spe	0.87178
PD	Spe	1.12441
PD	Spe	0.460449
PD	Spe	0.246405
PD	Spe	0.913779
PD	Spe	0.331583
PD	Spe	0.454424
PD	Spe	0.187756
PD	Spe	1.01034
PD	Spe	0.602525
PD	Spe	0.365938
PD	Spe	0.409891
PD	Spe	0.379448
PD	Spe	0.867881
PD	Spe	0.20223
PD	Spe	0.708755
PD	Spe	0.390828
PD	Spe	0.417325
PD	Spe	0.245296
PD	Spe	0.875948
PD	Spe	0.861323
PD	Spe	0.879239
PD	Spe	0.582454
PD	Spe	0.182015
PD	Spe	0.706169
PD	Spe	0.406695
PD	Spe	0.371973
PD	Spe	0.373376
PD	Spe	0.666414
PD	Spe	0.259514
PD	Spe	0.369165
PD	Spe	1.55367
PD	Spe	0.272668
PD	Spe	0.389739
PD	Spe	0.959225
PD	Spe	0.232518
PD	Spe	0.290449
PD	Spe	0.558647
PD	Spe	0.570607
PD	Spe	0.777481
PD	Spe	0.322544
PD	Spe	0.545419
PD	Spe	1.33765
PD	Spe	0.507531
PD	Spe	1.3482
PD	Spe	1.7183
PD	Spe	1.36438
PD	Spe	0.500175
PD	Spe	0.198103
PD	Spe	1.57894
PD	Spe	0.163791
PD	Spe	0.306957
PD	Spe	0.163336
PD	Spe	4.48387
PD	Spe	0.315689
PD	Spe	0.947054
PD	Spe	1.39
PD	Spe	0.354268
PD	Spe	0.752343
PD	Spe	0.0826854
PD	Spe	0.336582
PD	Spe	0.222334
PD	Spe	0.539172
PD	Spe	0.583211
PD	Spe	1.05729
PD	Spe	0.78691
PD	Spe	0.379907
PD	Spe	0.462727
PD	Spe	0.473042
PD	Spe	0.950662
PD	Spe	0.305523
TRD	Con	0.0642282
TRD	Con	0.298667
TRD	Con	0.163287
TRD	Con	0.592761
TRD	Con	0.478356
TRD	Con	0.666149
TRD	Con	0.376424
TRD	Con	0.406987
TRD	Con	0.353986
TRD	Con	0.19747
TRD	Con	0.0214368
TRD	Con	0.0146992
TRD	Con	0.130017
TRD	Con	0.193398
TRD	Con	0.230614
TRD	Con	0.540847
TRD	Con	0.0273053
TRD	Con	0.395262
TRD	Con	0.123397
TRD	Con	0.145173
TRD	Con	0.107929
TRD	Con	0.423729
TRD	Con	0.333443
TRD	Con	0.33137
TRD	Con	0.204962
TRD	Con	0.650954
TRD	Con	0.303232
TRD	Con	0.676883
TRD	Con	0.664781
TRD	Con	0.301156
TRD	Con	0.306331
TRD	Con	0.465305
TRD	Con	0.0424219
TRD	Con	0.227727
TRD	Con	0.168918
TRD	Con	0.270752
TRD	Con	0.237029
TRD	Con	0.421993
TRD	Con	0.415451
TRD	Con	0.163584
TRD	Con	0.155999
TRD	Con	0.151947
TRD	Con	0.420524
TRD	Con	0.376897
TRD	Con	0.244814
TRD	Con	0.256726
TRD	Con	0.277382
TRD	Con	1.21535
TRD	Con	0.184264
TRD	Con	0.136292
TRD	Con	0.384764
TRD	Con	0.57262
TRD	Con	0.543184
TRD	Con	0.277016
TRD	Con	0.224383
TRD	Con	0.528189
TRD	Con	0.0500157
TRD	Con	0.152138
TRD	Con	0.176393
TRD	Con	0.0159184
TRD	Con	0.603098
TRD	Con	0.582072
TRD	Con	0.129149
TRD	Con	0.358226
TRD	Con	0.209362
TRD	Con	0.199594
TRD	Con	0.356144
TRD	Con	0.440118
TRD	Con	0.146619
TRD	Con	0.24787
TRD	Con	0.500244
TRD	Con	0.419214
TRD	Con	0.063013
TRD	Con	0.120817
TRD	Con	0.595312
TRD	Con	0.251938
TRD	Con	0.664608
TRD	Con	0.625604
TRD	Con	0.401061
TRD	Con	0.496527
TRD	Con	0.724536
TRD	Con	0.145806
TRD	Con	0.375166
TRD	Con	0.105859
TRD	Con	0.276825
TRD	Con	0.449483
TRD	Con	0.243431
TRD	Con	0.159664
TRD	Con	0.324466
TRD	Con	0.6833
TRD	Con	0.321729
TRD	Con	0.6778
TRD	Con	0.0576156
TRD	Con	0.252472
TRD	Con	0.317309
TRD	Con	0.289632
TRD	Con	0.390469
TRD	Con	0.597481
TRD	Con	0.304902
TRD	Con	0.22118
TRD	Con	0.177554
TRD	Con	0.758891
TRD	Con	0.947388
TRD	Con	0.547456
TRD	Con	0.275577
TRD	Con	0.140101
TRD	Con	0.0335806
TRD	Con	0.309242
TRD	Con	2.71337
TRD	Con	0.484097
TRD	Con	0.534875
TRD	Con	0.395777
TRD	Con	0.144895
TRD	Con	0.486977
TRD	Con	0.314061
TRD	Con	0.1474
TRD	Con	0.213724
TRD	Con	0.464002
TRD	Con	0.306987
TRD	Con	0.470654
TRD	Con	0.305503
TRD	Con	0.108765
TRD	Con	0.0948435
TRD	Con	0.519201
TRD	Con	0.0762172
TRD	Con	0.467929
TRD	Con	0.563527
TRD	Con	1.15127
TRD	Con	0.415724
TRD	Con	0.375657
TRD	Con	0.1307
TRD	Con	0.0728826
TRD	Con	0.159732
TRD	Con	0.0508907
TRD	Con	0.363598
TRD	Con	0.363825
TRD	Con	0.211996
TRD	Con	0.247213
TRD	Con	0.212433
TRD	Con	0.407671
TRD	Con	0.311778
TRD	Con	0.0773244
TRD	Con	0.21682
TRD	Con	0.175613
TRD	Con	0.561525
TRD	Con	0.668739
TRD	Con	0.0852023
TRD	Con	0.394696
TRD	Con	0.174057
TRD	Con	0.200718
TRD	Con	0.504746
TRD	Con	0.724676
TRD	Con	0.361671
TRD	Con	0.503128
TRD	Con	0.571279
TRD	Con	0.414888
TRD	Con	0.19831
TRD	Con	0.126356
TRD	Con	0.167581
TRD	Con	0.416889
TRD	Con	0.0704418
TRD	Con	0.252957
TRD	Con	0.0880565
TRD	Con	0.358907
TRD	Con	0.0607938
TRD	Con	0.168871
TRD	Con	0.454108
TRD	Con	0.114389
TRD	Con	0.236959
TRD	Con	0.801951
TRD	Con	0.226461
TRD	Con	0.119004
TRD	Con	0.576845
TRD	Con	0.700751
TRD	Con	0.123471
TRD	Con	0.422815
TRD	Con	0.363224
TRD	Con	0.209946
TRD	Con	0.109455
TRD	Con	0.799539
TRD	Con	0.210063
TRD	Con	0.300284
TRD	Con	0.630222
TRD	Con	0.442517
TRD	Con	0.327413
TRD	Con	0.13416
TRD	Con	0.456351
TRD	Con	0.157011
TRD	Con	0.257127
TRD	Con	0.153216
TRD	Con	0.481362
TRD	Con	0.244834
TRD	Con	0.152421
TRD	Con	0.241179
TRD	Con	0.240631
TRD	Con	0.427945
TRD	Con	0.299376
TRD	Con	0.580555
TRD	Con	0.341479
TRD	Con	0.179447
TRD	Con	0.609011
TRD	Con	0.186162
TRD	Con	0.355153
TRD	Con	0.687235
TRD	Con	0.273428
TRD	Con	0.458819
TRD	Con	0.334554
TRD	Con	0.195314
TRD	Con	0.223038
TRD	Con	0.417618
TRD	Con	0.321289
TRD	Con	0.334665
TRD	Con	0.527125
TRD	Con	0.361545
TRD	Con	0.378546
TRD	Con	0.242091
TRD	Con	0.384578
TRD	Con	0.369261
TRD	Con	0.171888
TRD	Con	0.125027
TRD	Con	0.494997
TRD	Con	0.392544
TRD	Con	0.938988
TRD	Con	0.466182
TRD	Con	0.0215277
TRD	Con	0.662294
TRD	Con	0.214085
TRD	Con	0.412556
TRD	Con	0.329342
TRD	Con	0.0618199
TRD	Con	0.10807
TRD	Con	0.114197
TRD	Con	0.395964
TRD	Con	0.604389
TRD	Con	0.679961
TRD	Con	0.542462
TRD	Con	0.651018
TRD	Con	0.0761878
TRD	Con	0.0423758
TRD	Con	0.327292
TRD	Con	0.453475
TRD	Con	0.609462
TRD	Con	0.283039
TRD	Con	0.949012
TRD	Con	0.593402
TRD	Con	0.553146
TRD	Con	0.10179
TRD	Con	0.00928382
TRD	Con	0.354063
TRD	Con	0.244108
TRD	Con	0.257825
TRD	Con	0.47981
TRD	Con	0.263404
TRD	Con	0.239843
TRD	Con	0.294938
TRD	Con	0.0313474
TRD	Con	0.428103
TRD	Con	0.114566
TRD	Con	0.0106991
TRD	Con	0.407025
TRD	Con	0.215828
TRD	Con	0.450192
TRD	Con	0.0939427
TRD	Con	0.467496
TRD	Con	0.148704
TRD	Con	0.631106
TRD	Con	0.178377
TRD	Neo(C)	0.275269
TRD	Neo(C)	0.222047
TRD	Neo(C)	0.691122
TRD	Neo(C)	0.636765
TRD	Neo(C)	0.344246
TRD	Neo(C)	0.382983
TRD	Neo(C)	0.470458
TRD	Neo(C)	0.308719
TRD	Neo(C)	0.478378
TRD	Neo(C)	0.279023
TRD	Neo(C)	0.217868
TRD	Neo(C)	0.398959
TRD	Neo(C)	0.330578
TRD	Neo(C)	0.433352
TRD	Neo(C)	0.280606
TRD	Neo(C)	0.294218
TRD	Neo(C)	0.596116
TRD	Neo(C)	0.406744
TRD	Neo(C)	0.615571
TRD	Neo(C)	0.230732
TRD	Neo(C)	0.277784
TRD	Neo(C)	0.520078
TRD	Neo(C)	0.458302
TRD	Neo(C)	0.115322
TRD	Neo(C)	0.744701
TRD	Neo(C)	0.642367
TRD	Neo(C)	0.260781
TRD	Neo(C)	0.88883
TRD	Neo(C)	0.326222
TRD	Neo(C)	0.0901769
TRD	Neo(C)	0.45108
TRD	Neo(C)	0.386909
TRD	Neo(C)	0.538184
TRD	Neo(C)	0.423277
TRD	Neo(C)	0.0786664
TRD	Neo(C)	0.997964
TRD	Neo(C)	0.16812
TRD	Neo(C)	1.23334
TRD	Neo(C)	0.479193
TRD	Neo(C)	0.194787
TRD	Neo(C)	-5.45138e-14
TRD	Neo(C)	0.32085
TRD	Neo(C)	0.446263
TRD	Neo(C)	0.230115
TRD	Neo(C)	0.0673113
TRD	Neo(C)	0.0622727
TRD	Neo(C)	0.389807
TRD	Neo(C)	0.792681
TRD	Neo(C)	0.829085
TRD	Neo(C)	0.0626826
TRD	Neo(C)	0.0891715
TRD	Neo(C)	0.372721
TRD	Neo(C)	0.421095
TRD	Neo(C)	0.389351
TRD	Neo(C)	0.0205128
TRD	Neo(C)	0.528806
TRD	Neo(C)	0.0554005
TRD	Neo(C)	0.296755
TRD	Neo(C)	0.178193
TRD	Neo(C)	0.802612
TRD	Neo(C)	0.44606
TRD	Neo(C)	0.467324
TRD	Neo(C)	0.252379
TRD	Neo(C)	0.0247278
TRD	Neo(C)	0.355033
TRD	Neo(C)	0.389116
TRD	Neo(C)	0.862412
TRD	Neo(C)	0.395681
TRD	Neo(C)	0.838488
TRD	Neo(C)	0.223924
TRD	Neo(C)	0.333958
TRD	Neo(C)	0.37104
TRD	Neo(C)	0.386857
TRD	Neo(C)	0.29636
TRD	Neo(C)	0.384291
TRD	Neo(C)	0.248494
TRD	Neo(C)	0.555886
TRD	Neo(C)	0.215416
TRD	Neo(C)	0.339052
TRD	Neo(C)	0.463839
TRD	Neo(C)	0.499731
TRD	Neo(C)	0.105359
TRD	Neo(C)	0.420059
TRD	Neo(C)	0.861627
TRD	Neo(C)	0.177212
TRD	Neo(C)	0.463674
TRD	Neo(C)	0.191973
TRD	Neo(C)	0.0649319
TRD	Neo(C)	0.453422
TRD	Neo(C)	0.311326
TRD	Neo(C)	0.130568
TRD	Neo(C)	0.272349
TRD	Neo(C)	0.60702
TRD	Neo(C)	0.306074
TRD	Neo(C)	0.520569
TRD	Neo(C)	0.317457
TRD	Neo(C)	0.401467
TRD	Neo(C)	0.399366
TRD	Neo(C)	0.0367293
TRD	Neo(C)	0.583765
TRD	Neo(C)	0.522868
TRD	Neo(C)	0.231699
TRD	Neo(C)	0.619712
TRD	Neo(C)	0.16369
TRD	Neo(C)	0.668259
TRD	Neo(C)	0.315025
TRD	Neo(C)	0.219983
TRD	Neo(C)	0.196591
TRD	Neo(C)	0.244519
TRD	Neo(C)	0.204591
TRD	Neo(C)	0.519132
TRD	Neo(C)	0.887366
TRD	Neo(C)	0.429205
TRD	Neo(C)	0.386891
TRD	Neo(C)	0.375837
TRD	Neo(C)	0.603839
TRD	Neo(C)	0.381801
TRD	Neo(C)	0.706923
TRD	Neo(C)	0.199065
TRD	Neo(C)	0.264939
TRD	Neo(C)	0.229188
TRD	Neo(C)	0.261649
TRD	Neo(C)	0.410902
TRD	Neo(C)	0.473219
TRD	Neo(C)	0.066322
TRD	Neo(C)	0.241278
TRD	Neo(C)	0.222174
TRD	Neo(C)	0.0887847
TRD	Neo(C)	0.283517
TRD	Neo(C)	0.123765
TRD	Neo(C)	0.199064
TRD	Neo(C)	0.696243
TRD	Neo(C)	0.181237
TRD	Neo(C)	0.319636
TRD	Neo(C)	0.395722
TRD	Neo(C)	0.360805
TRD	Neo(C)	0.276153
TRD	Neo(C)	0.160468
TRD	Neo(C)	0.243305
TRD	Neo(C)	0.594876
TRD	Neo(C)	0.332066
TRD	Neo(C)	0.344265
TRD	Neo(C)	0.41084
TRD	Neo(C)	0.530326
TRD	Neo(C)	0.455236
TRD	Neo(C)	0.260678
TRD	Neo(C)	0.0530749
TRD	Neo(C)	0.604533
TRD	Neo(C)	0.285519
TRD	Neo(C)	0.288515
TRD	Neo(C)	0.12655
TRD	Neo(C)	0.556938
TRD	Neo(C)	0.553861
TRD	Neo(C)	0.256706
TRD	Neo(C)	0.377984
TRD	Neo(C)	0.25681
TRD	Neo(C)	0.236296
TRD	Neo(C)	1.2509
TRD	Neo(C)	0.448932
TRD	Neo(C)	0.99093
TRD	Neo(C)	0.263446
TRD	Neo(C)	0.604298
TRD	Neo(C)	0.387691
TRD	Neo(C)	0.663163
TRD	Neo(C)	0.223747
TRD	Neo(C)	0.24446
TRD	Neo(C)	0.856855
TRD	Neo(C)	0.192672
TRD	Neo(C)	0.266516
TRD	Neo(C)	1.91681
TRD	Neo(C)	0.41464
TRD	Neo(C)	0.280001
TRD	Neo(C)	0.142881
TRD	Neo(C)	0.347559
TRD	Neo(C)	0.253993
TRD	Neo(C)	0.252776
TRD	Neo(C)	0.160817
TRD	Neo(C)	0.411833
TRD	Neo(C)	0.64734
TRD	Neo(C)	0.42048
TRD	Neo(C)	0.0415708
TRD	Neo(C)	0.703962
TRD	Neo(C)	0.628998
TRD	Neo(C)	0.668122
TRD	Neo(C)	0.139292
TRD	Neo(C)	0.352
TRD	Neo(C)	0.527543
TRD	Neo(C)	0.494511
TRD	Neo(C)	0.199254
TRD	Neo(C)	0.626827
TRD	Neo(C)	0.265945
TRD	Neo(C)	0.643866
TRD	Neo(C)	0.306862
TRD	Neo(C)	0.13456
TRD	Neo(C)	0.291735
TRD	Neo(C)	0.182503
TRD	Neo(C)	0.367452
TRD	Neo(C)	0.138348
TRD	Neo(C)	0.144082
TRD	Neo(C)	0.693157
TRD	Neo(C)	1.05519
TRD	Neo(C)	0.424866
TRD	Neo(C)	0.112081
TRD	Neo(C)	0.14536
TRD	Neo(C)	0.178495
TRD	Neo(C)	0.42028
TRD	Neo(C)	0.354526
TRD	Neo(C)	0.0760583
TRD	Neo(C)	0.236183
TRD	Neo(C)	0.213191
TRD	Neo(C)	0.245808
TRD	Neo(C)	0.298534
TRD	Neo(C)	0.407839
TRD	Neo(C)	0.395458
TRD	Neo(C)	0.51378
TRD	Neo(C)	0.662955
TRD	Neo(C)	0.494943
TRD	Neo(C)	0.57673
TRD	Neo(C)	0.359302
TRD	Neo(C)	0.491457
TRD	Neo(C)	0.370593
TRD	Neo(C)	0.171
TRD	Neo(C)	0.106942
TRD	Neo(C)	0.177921
TRD	Neo(C)	0.536289
TRD	Neo(C)	0.595456
TRD	Neo(C)	0.200497
TRD	Neo(C)	0.26586
TRD	Neo(C)	0.806756
TRD	Neo(C)	0.021846
TRD	Neo(C)	0.318425
TRD	Neo(C)	0.19918
TRD	Neo(C)	0.236147
TRD	Neo(C)	0.269365
TRD	Neo(C)	0.30847
TRD	Neo(C)	0.130641
TRD	Neo(C)	0.564788
TRD	Neo(C)	0.0925561
TRD	Neo(C)	0.0837185
TRD	Neo(C)	1.09398
TRD	Neo(C)	0.558945
TRD	Neo(C)	0.283569
TRD	Neo(C)	0.105791
TRD	Neo(C)	0.529975
TRD	Neo(C)	0.196744
TRD	Neo(C)	0.450868
TRD	Neo(C)	0.219671
TRD	Neo(C)	0.173484
TRD	Neo(C)	0.286612
TRD	Neo(C)	0.111555
TRD	Neo(C)	0.157369
TRD	Neo(C)	0.295963
TRD	Neo(C)	0.126453
TRD	Neo(C)	0.592366
TRD	Neo(C)	0.226858
TRD	Neo(C)	0.472262
TRD	Neo(C)	0.353666
TRD	Neo(C)	0.426171
TRD	Neo(C)	0.357813
TRD	Neo(C)	0.510816
TRD	Neo(C)	0.677109
TRD	Neo(C)	0.677941
TRD	Neo(C)	0.293367
TRD	Neo(C)	0.0174142
TRD	Neo(C)	0.207087
TRD	Neo(C)	0.0848056
TRD	Neo(C)	0.171237
TRD	Neo(C)	0.075814
TRD	Neo(C)	0.69259
TRD	Neo(C)	0.878248
TRD	Neo(C)	0.113975
TRD	Neo(C)	0.0177249
TRD	Neo(C)	0.403561
TRD	Neo(C)	0.36278
TRD	Neo(C)	0.219687
TRD	Neo(C)	0.317099
TRD	Neo(C)	0.225797
TRD	Neo(C)	0.290062
TRD	Neo(C)	0.351057
TRD	Neo(C)	0.373789
TRD	Neo(C)	0.366202
TRD	Neo(C)	0.118552
TRD	Neo(C)	0.335515
TRD	Neo(C)	0.209194
TRD	Neo(C)	0.87216
TRD	Neo(C)	0.208042
TRD	Neo(C)	0.289141
TRD	Neo(C)	0.301041
TRD	Neo(C)	0.126693
TRD	Neo(C)	0.314097
TRD	Neo(C)	0.362742
TRD	Neo(C)	0.156979
TRD	Neo(C)	0.261988
TRD	Neo(C)	0.201734
TRD	Neo(C)	0.109176
TRD	Neo(C)	0.32717
TRD	Neo(C)	0.406995
TRD	Neo(C)	0.332462
TRD	Neo(C)	0.191097
TRD	Neo(C)	0.476314
TRD	Neo(C)	0.172273
TRD	Neo(C)	0.209055
TRD	Neo(C)	1.52706
TRD	Neo(C)	0.257801
TRD	Neo(C)	0.0886626
TRD	Neo(C)	0.16086
TRD	Neo(C)	0.653734
TRD	Neo(C)	0.0229014
TRD	Neo(C)	0.605499
TRD	Neo(C)	0.336193
TRD	Neo(C)	0.370986
TRD	Neo(C)	0.212351
TRD	Neo(C)	0.509316
TRD	Neo(C)	0.375617
TRD	Neo(C)	0.490197
TRD	Neo(C)	0.353184
TRD	Neo(C)	0.0412435
TRD	Neo(C)	0.396423
TRD	Neo(C)	0.83087
TRD	Neo(C)	0.324117
TRD	Neo(C)	1.79037
TRD	Neo(C)	0.0625134
TRD	Neo(C)	0.390839
TRD	Neo(C)	0.171532
TRD	Neo(C)	0.130849
TRD	Neo(C)	0.260264
TRD	Neo(C)	0.555727
TRD	Neo(C)	0.222994
TRD	Neo(C)	0.247115
TRD	Neo(C)	0.628998
TRD	Neo(C)	0.102916
TRD	Neo(C)	0.112895
TRD	Neo(C)	0.559934
TRD	Neo(C)	0.306237
TRD	Neo(C)	0.520405
TRD	Neo(C)	0.292029
TRD	Neo(C)	0.772747
TRD	Neo(C)	0.277538
TRD	Neo(C)	0.664911
TRD	Neo(C)	0.112133
TRD	Neo(C)	0.319905
TRD	Neo(C)	0.53335
TRD	Neo(C)	0.47966
TRD	Neo(C)	0.447078
TRD	Neo(C)	0.183882
TRD	Neo(C)	0.681278
TRD	Neo(C)	0.167881
TRD	Neo(C)	0.483552
TRD	Neo(C)	0.38527
TRD	Neo(C)	0.205618
TRD	Neo(C)	0.351793
TRD	Neo(C)	0.369908
TRD	Neo(C)	0.362312
TRD	Neo(C)	0.647584
TRD	Neo(C)	0.895088
TRD	Neo(C)	0.389244
TRD	Neo(P)	0.444336
TRD	Neo(P)	0.232999
TRD	Neo(P)	0.188968
TRD	Neo(P)	0.490369
TRD	Neo(P)	0.61788
TRD	Neo(P)	0.260578
TRD	Spe	0.375241
TRD	Spe	0.330188
TRD	Spe	0.42362
TRD	Spe	0.367134
TRD	Spe	0.462773
TRD	Spe	0.147165
TRD	Spe	0.297508
TRD	Spe	0.123381
TRD	Spe	0.73068
TRD	Spe	0.669685
TRD	Spe	0.856501
TRD	Spe	0.150886
TRD	Spe	0.217867
TRD	Spe	0.38003
TRD	Spe	0.405144
TRD	Spe	0.655135
TRD	Spe	0.331101
TRD	Spe	0.756893
TRD	Spe	0.61611
TRD	Spe	0.704537
TRD	Spe	0.234528
TRD	Spe	0.877703
TRD	Spe	0.162111
TRD	Spe	0.483186
TRD	Spe	0.536156
TRD	Spe	0.364612
TRD	Spe	0.390193
TRD	Spe	0.552718
TRD	Spe	0.325388
TRD	Spe	0.118231
TRD	Spe	1.56469
TRD	Spe	0.354172
TRD	Spe	0.457178
TRD	Spe	0.294005
TRD	Spe	0.149338
TRD	Spe	0.340767
TRD	Spe	0.408013
TRD	Spe	0.609154
TRD	Spe	0.201368
TRD	Spe	0.184613
TRD	Spe	0.185768
TRD	Spe	0.245719
TRD	Spe	0.546323
TRD	Spe	0.460249
TRD	Spe	0.449733
TRD	Spe	0.635172
TRD	Spe	0.345677
TRD	Spe	0.634102
TRD	Spe	0.330637
TRD	Spe	0.169711
TRD	Spe	0.443562
TRD	Spe	0.36202
TRD	Spe	0.296644
TRD	Spe	0.322561
TRD	Spe	0.138574
TRD	Spe	0.425817
TRD	Spe	0.370769
TRD	Spe	0.235989
TRD	Spe	0.56985
TRD	Spe	0.139376
TRD	Spe	0.203156
TRD	Spe	1.13794
TRD	Spe	0.314199
TRD	Spe	0.456385
TRD	Spe	0.459251
TRD	Spe	0.303024
TRD	Spe	0.460805
TRD	Spe	0.297966
TRD	Spe	0.538619
TRD	Spe	0.235235
TRD	Spe	0.233725
TRD	Spe	0.495779
TRD	Spe	0.209645
TRD	Spe	0.0952969
TRD	Spe	0.260392
TRD	Spe	0.587222
TRD	Spe	0.696962
TRD	Spe	0.214421
TRD	Spe	0.524923
TRD	Spe	0.552585
TRD	Spe	1.09013
TRD	Spe	0.229193
TRD	Spe	0.450148
TRD	Spe	0.575582
TRD	Spe	0.26834
TRD	Spe	0.671188
TRD	Spe	0.28921
TRD	Spe	0.288227
TRD	Spe	0.590626
TRD	Spe	0.110048
TRD	Spe	0.139584
TRD	Spe	0.556746
TRD	Spe	0.272651
TRD	Spe	0.39894
TRD	Spe	0.807676
TRD	Spe	0.787409
TRD	Spe	0.520797
TRD	Spe	0.669685
TRD	Spe	0.144928
TRD	Spe	0.558012
TRD	Spe	0.728021
TRD	Spe	0.344431
TRD	Spe	0.177025
TRD	Spe	0.370429
TRD	Spe	0.168829
TRD	Spe	0.124727
TRD	Spe	0.175826
TRD	Spe	0.406292
TRD	Spe	0.529755
TRD	Spe	0.222377
TRD	Spe	0.431173
TRD	Spe	0.17524
TRD	Spe	0.518965
TRD	Spe	0.281345
TRD	Spe	0.189172
TRD	Spe	0.342286
TRD	Spe	0.76146
TRD	Spe	0.167704
TRD	Spe	0.460859
TRD	Spe	0.407436
TRD	Spe	0.136417
TRD	Spe	0.173528
TRD	Spe	0.193617
TRD	Spe	0.471715
TRD	Spe	0.618068
TRD	Spe	0.852451
TRD	Spe	0.121704
TRD	Spe	0.20405
TRD	Spe	0.438618
TRD	Spe	0.311858
TRD	Spe	0.387181
TRD	Spe	0.308706
TRD	Spe	0.46075
TRD	Spe	0.431846
TRD	Spe	0.391226
TRD	Spe	0.449366
TRD	Spe	0.244227
TRD	Spe	0.540101
TRD	Spe	0.374954
TRD	Spe	1.43868
TRD	Spe	0.165421
TRD	Spe	0.306791
TRD	Spe	0.298948
TRD	Spe	0.468999
